id,nome,email,data_nascimento,data_cadastro
1,Henry Gabriel Alves,henrygabrielalves1@mail.com,1969-08-29,2025-09-29 18:41:27
2,Yan da Cruz,yandacruz2@mail.com,1994-07-04,2025-06-05 00:58:21
3,Pietro Carvalho,pietrocarvalho3@mail.com,1966-01-20,2025-07-27 07:12:18
4,Gustavo Rocha,gustavorocha4@mail.com,1982-10-10,2025-09-25 01:17:35
5,Zoe Borges,zoeborges5@mail.com,1996-06-28,2024-05-25 06:47:08
6,Lavínia Andrade,laviniaandrade6@mail.com,2008-01-12,2025-04-04 05:02:34
7,Bento Borges,bentoborges7@mail.com,1965-01-19,2024-08-21 20:40:42
8,Pedro Henrique da Conceição,pedrohenriquedaconceicao8@mail.com,1980-12-28,2025-01-14 04:28:04
9,Mirella Pereira,mirellapereira9@mail.com,1998-11-03,2024-08-18 16:18:58
10,Benjamim Novais,benjamimnovais10@mail.com,1992-08-07,2025-03-18 16:26:57
11,Miguel Silva,miguelsilva11@mail.com,2003-09-09,2024-10-01 01:10:59
12,Zoe Leão,zoeleao12@mail.com,1987-05-03,2024-02-14 19:04:24
13,Pedro Lucas Machado,pedrolucasmachado13@mail.com,2007-03-05,2024-04-24 00:09:34
14,Agatha Abreu,agathaabreu14@mail.com,1985-09-15,2024-04-07 18:01:48
15,Liam Sampaio,liamsampaio15@mail.com,1968-12-13,2024-10-19 07:41:01
16,Lavínia Fernandes,laviniafernandes16@mail.com,1996-10-30,2025-08-15 03:02:09
17,Agatha Cassiano,agathacassiano17@mail.com,1967-07-02,2025-01-02 01:47:57
18,Pedro Teixeira,pedroteixeira18@mail.com,1995-09-05,2024-09-30 18:35:01
19,Bárbara Caldeira,barbaracaldeira19@mail.com,1979-12-05,2024-10-16 22:46:56
20,Francisco Garcia,franciscogarcia20@mail.com,1986-04-28,2025-03-24 18:59:02
21,Gael Fogaça,gaelfogaca21@mail.com,1964-11-10,2024-01-01 02:06:17
22,Catarina Pereira,catarinapereira22@mail.com,1970-12-05,2025-05-02 09:15:25
23,Vinícius Aparecida,viniciusaparecida23@mail.com,1994-08-04,2024-07-08 14:53:20
24,Maria Clara Nascimento,mariaclaranascimento24@mail.com,1991-12-03,2023-11-20 08:25:35
25,Josué Garcia,josuegarcia25@mail.com,1994-11-10,2024-11-27 02:40:04
26,Emanuel Novaes,emanuelnovaes26@mail.com,1995-10-10,2024-12-05 14:05:54
27,Ana Beatriz Pires,anabeatrizpires27@mail.com,1992-09-22,2025-03-22 08:03:14
28,Eloá Oliveira,eloaoliveira28@mail.com,1989-07-09,2023-12-23 10:31:40
29,Matheus Santos,matheussantos29@mail.com,1983-12-01,2024-07-12 23:30:09
30,Davi Miguel Aparecida,davimiguelaparecida30@mail.com,1993-08-15,2025-02-14 08:15:56
31,Rafael Vargas,rafaelvargas31@mail.com,1975-06-14,2024-03-05 13:06:20
32,Amanda Barros,amandabarros32@mail.com,1972-04-04,2024-10-19 20:43:09
33,Ravi Lucca Brito,raviluccabrito33@mail.com,2001-02-07,2024-06-07 01:23:40
34,Gabrielly da Mota,gabriellydamota34@mail.com,2006-08-31,2025-05-21 05:51:35
35,Maria Porto,mariaporto35@mail.com,1998-11-12,2024-08-18 06:59:23
36,Emanuella Castro,emanuellacastro36@mail.com,2005-04-11,2024-09-29 07:00:31
37,Ester Fogaça,esterfogaca37@mail.com,1980-01-29,2025-02-09 08:33:43
38,Otto Rios,ottorios38@mail.com,2008-11-11,2025-06-29 09:09:14
39,Vitor Sampaio,vitorsampaio39@mail.com,1991-12-02,2024-11-11 00:38:34
40,Diego Pereira,diegopereira40@mail.com,1991-03-18,2025-05-16 12:11:05
41,Luigi Nascimento,luiginascimento41@mail.com,2009-06-13,2024-05-30 22:11:59
42,Samuel Castro,samuelcastro42@mail.com,1977-09-01,2024-01-23 17:50:18
43,Maria Eduarda Garcia,mariaeduardagarcia43@mail.com,1969-02-08,2024-02-09 21:27:44
44,Vitor Hugo Porto,vitorhugoporto44@mail.com,2000-04-17,2025-05-12 09:03:58
45,Pedro Lucas Rodrigues,pedrolucasrodrigues45@mail.com,1976-10-25,2024-02-19 16:54:08
46,Aylla Vargas,ayllavargas46@mail.com,1978-10-17,2025-07-02 15:29:19
47,Daniel da Conceição,danieldaconceicao47@mail.com,1990-06-26,2025-08-26 19:56:04
48,Benício Dias,beniciodias48@mail.com,1973-09-15,2025-07-29 11:00:36
49,Isadora da Mata,isadoradamata49@mail.com,2005-01-26,2025-06-19 00:01:47
50,Davi Lucca Cunha,daviluccacunha50@mail.com,1967-02-25,2024-04-10 22:41:32
51,Ana Vitória Cunha,anavitoriacunha51@mail.com,1993-01-28,2024-02-11 13:17:54
52,Melina Gonçalves,melinagoncalves52@mail.com,1996-01-23,2023-11-18 21:22:50
53,Maria Cecília Casa Grande,mariaceciliacasagrande53@mail.com,1990-04-05,2023-12-07 05:02:35
54,Vinícius Carvalho,viniciuscarvalho54@mail.com,1986-03-16,2024-05-13 12:15:58
55,Thales Souza,thalessouza55@mail.com,2002-06-22,2025-03-09 02:22:23
56,Stephany da Luz,stephanydaluz56@mail.com,1988-10-15,2024-03-01 08:32:12
57,Liz Pacheco,lizpacheco57@mail.com,1994-12-29,2025-03-14 04:26:33
58,Isabelly Fonseca,isabellyfonseca58@mail.com,2004-10-28,2024-01-18 02:33:39
59,Pedro Lucas Carvalho,pedrolucascarvalho59@mail.com,1995-09-22,2025-09-22 16:40:26
60,Nicole Monteiro,nicolemonteiro60@mail.com,2005-02-04,2025-02-23 18:33:55
61,Fernando Sá,fernandosa61@mail.com,1967-02-20,2025-03-19 09:04:17
62,Calebe Camargo,calebecamargo62@mail.com,2001-01-06,2024-03-13 11:29:42
63,Leandro Pires,leandropires63@mail.com,1994-02-26,2024-09-03 21:46:18
64,Liam Vieira,liamvieira64@mail.com,2003-09-07,2023-12-20 13:00:37
65,Lavínia Peixoto,laviniapeixoto65@mail.com,1987-03-24,2024-08-30 11:42:02
66,Davi Lucas Gomes,davilucasgomes66@mail.com,2005-11-16,2023-12-25 05:10:39
67,Giovanna Peixoto,giovannapeixoto67@mail.com,2003-09-25,2024-09-07 16:21:02
68,Maria Helena Moura,mariahelenamoura68@mail.com,2003-06-21,2025-04-11 21:46:44
69,Theodoro Novaes,theodoronovaes69@mail.com,1975-03-11,2025-06-03 13:20:39
70,Antônio Rodrigues,antoniorodrigues70@mail.com,1998-06-06,2024-07-08 19:36:33
71,Ian Rodrigues,ianrodrigues71@mail.com,2005-03-13,2024-04-10 01:08:22
72,Stella Sá,stellasa72@mail.com,2005-11-27,2024-04-20 04:10:01
73,Vitor Vargas,vitorvargas73@mail.com,2004-06-26,2025-05-07 13:54:26
74,Carolina Camargo,carolinacamargo74@mail.com,1978-02-22,2025-03-20 14:06:10
75,Ana Beatriz Lopes,anabeatrizlopes75@mail.com,2006-08-03,2024-10-02 04:37:33
76,Levi Marques,levimarques76@mail.com,1985-06-12,2024-07-16 18:19:07
77,André Silveira,andresilveira77@mail.com,1981-11-04,2024-04-03 10:59:07
78,Vinicius Montenegro,viniciusmontenegro78@mail.com,2000-07-20,2024-12-25 20:46:41
79,Luiz Henrique Montenegro,luizhenriquemontenegro79@mail.com,2006-01-03,2024-04-18 02:29:06
80,Heitor Pires,heitorpires80@mail.com,1989-09-26,2025-09-03 07:26:06
81,Ana Cecília Porto,anaceciliaporto81@mail.com,1979-02-11,2024-04-29 22:58:20
82,Natália Pereira,nataliapereira82@mail.com,2006-02-08,2025-08-03 21:56:19
83,Miguel Cassiano,miguelcassiano83@mail.com,2004-12-25,2025-08-16 20:08:27
84,Evelyn Teixeira,evelynteixeira84@mail.com,1984-08-25,2024-03-20 19:44:24
85,Lorenzo Nogueira,lorenzonogueira85@mail.com,1971-12-26,2025-09-14 06:09:12
86,Sofia Abreu,sofiaabreu86@mail.com,2004-03-25,2023-12-21 07:27:12
87,Ayla Mendonça,aylamendonca87@mail.com,1973-01-31,2024-12-05 19:12:36
88,Arthur Miguel Camargo,arthurmiguelcamargo88@mail.com,1995-11-18,2024-12-07 20:00:50
89,Eloá das Neves,eloadasneves89@mail.com,1993-04-06,2025-06-12 05:12:08
90,Rhavi Araújo,rhaviaraujo90@mail.com,1990-03-06,2024-12-06 02:03:47
91,Rodrigo Nunes,rodrigonunes91@mail.com,2009-03-05,2024-01-27 08:12:23
92,Emanuel Barros,emanuelbarros92@mail.com,2003-09-19,2024-04-22 20:56:37
93,Maria Vitória Azevedo,mariavitoriaazevedo93@mail.com,1977-06-12,2025-06-11 15:59:50
94,Sophia Vargas,sophiavargas94@mail.com,2005-06-22,2024-10-11 18:19:42
95,José Cardoso,josecardoso95@mail.com,1999-03-16,2024-04-16 17:41:24
96,Maria Laura Novaes,marialauranovaes96@mail.com,1969-11-26,2024-05-02 04:25:10
97,Lucas da Luz,lucasdaluz97@mail.com,1967-01-16,2024-12-23 00:55:58
98,Sarah Pereira,sarahpereira98@mail.com,2001-06-12,2025-06-29 00:48:26
99,Lavínia Cunha,laviniacunha99@mail.com,1974-08-08,2025-01-19 18:26:45
100,Valentina Sá,valentinasa100@mail.com,1971-07-11,2024-11-07 21:17:30
101,Murilo Silva,murilosilva101@mail.com,1965-12-06,2025-01-27 10:18:11
102,Ana Lívia Guerra,analiviaguerra102@mail.com,1978-06-20,2025-09-03 01:20:38
103,Evelyn Macedo,evelynmacedo103@mail.com,1969-03-23,2025-01-15 03:05:57
104,Pietra Machado,pietramachado104@mail.com,2009-05-08,2025-06-13 05:30:28
105,Isaque da Cruz,isaquedacruz105@mail.com,1993-08-04,2024-07-29 08:37:06
106,Rael Azevedo,raelazevedo106@mail.com,1982-01-12,2025-10-16 00:37:52
107,Camila Almeida,camilaalmeida107@mail.com,2004-11-06,2025-05-25 08:50:24
108,Raul Pastor,raulpastor108@mail.com,2007-04-20,2024-03-07 08:35:15
109,Pedro Lucas Abreu,pedrolucasabreu109@mail.com,2000-03-19,2025-06-17 03:10:53
110,Diego Santos,diegosantos110@mail.com,1990-04-23,2025-09-14 15:40:37
111,Dante da Conceição,dantedaconceicao111@mail.com,1995-11-11,2025-02-12 00:57:42
112,Davi Luiz Andrade,daviluizandrade112@mail.com,1987-01-13,2024-09-03 06:06:24
113,Bianca Barbosa,biancabarbosa113@mail.com,2000-06-26,2025-05-11 22:15:29
114,Olívia da Costa,oliviadacosta114@mail.com,1983-10-14,2025-04-24 16:36:35
115,Agatha Rios,agatharios115@mail.com,1982-11-18,2025-02-12 18:59:25
116,Maria Vitória Cunha,mariavitoriacunha116@mail.com,1998-11-01,2025-07-06 14:46:35
117,Valentina Cardoso,valentinacardoso117@mail.com,2007-02-28,2025-03-11 21:26:17
118,Maria Júlia da Cruz,mariajuliadacruz118@mail.com,1980-04-29,2024-12-16 20:25:04
119,Maria Júlia Jesus,mariajuliajesus119@mail.com,1995-10-14,2023-12-19 21:40:22
120,Mateus Brito,mateusbrito120@mail.com,1984-05-10,2025-01-13 02:10:36
121,Gael Ribeiro,gaelribeiro121@mail.com,1992-04-29,2024-01-07 10:09:27
122,Lorena Fogaça,lorenafogaca122@mail.com,1983-11-13,2024-04-23 16:38:51
123,Lavínia Jesus,laviniajesus123@mail.com,2008-08-27,2025-01-30 22:12:10
124,Maria Helena Siqueira,mariahelenasiqueira124@mail.com,1972-06-12,2025-09-16 00:45:27
125,Cauê Rocha,cauerocha125@mail.com,1971-03-18,2024-11-05 17:17:01
126,Gael Henrique Araújo,gaelhenriquearaujo126@mail.com,1981-12-20,2024-05-20 00:29:38
127,Isis Siqueira,isissiqueira127@mail.com,1985-01-03,2025-04-13 19:25:49
128,Camila Caldeira,camilacaldeira128@mail.com,2006-10-29,2024-08-05 04:38:34
129,Theo Correia,theocorreia129@mail.com,1976-01-24,2023-11-21 21:31:50
130,Mateus Nascimento,mateusnascimento130@mail.com,1986-03-20,2025-08-14 16:40:56
131,Manuela Carvalho,manuelacarvalho131@mail.com,1970-05-19,2023-12-16 00:10:01
132,Lavínia Cirino,laviniacirino132@mail.com,1990-02-09,2024-12-12 13:50:07
133,Agatha Martins,agathamartins133@mail.com,1989-04-02,2023-11-11 17:56:23
134,Theo Barbosa,theobarbosa134@mail.com,1974-08-22,2025-04-11 13:23:47
135,Luísa Novaes,luisanovaes135@mail.com,1967-04-15,2023-12-01 22:22:05
136,Gael Henrique Aragão,gaelhenriquearagao136@mail.com,1970-01-08,2024-12-20 13:55:10
137,Valentina Albuquerque,valentinaalbuquerque137@mail.com,1974-10-26,2024-12-17 18:15:29
138,Francisco Sá,franciscosa138@mail.com,1996-03-19,2024-03-10 06:36:59
139,Renan Cavalcante,renancavalcante139@mail.com,1968-05-14,2024-07-05 12:37:10
140,Joana Mendonça,joanamendonca140@mail.com,1980-11-14,2025-03-20 10:05:35
141,Maria Luísa Cunha,marialuisacunha141@mail.com,1979-08-01,2023-12-21 01:37:01
142,Isadora Araújo,isadoraaraujo142@mail.com,1991-02-05,2023-12-15 05:39:35
143,Lucas Garcia,lucasgarcia143@mail.com,1970-05-08,2025-07-21 20:09:11
144,André Gomes,andregomes144@mail.com,1966-05-21,2025-03-08 21:27:15
145,Vinícius Viana,viniciusviana145@mail.com,2000-10-13,2025-09-07 19:47:23
146,Maria da Paz,mariadapaz146@mail.com,1978-12-18,2025-08-11 12:07:23
147,Lavínia Sampaio,laviniasampaio147@mail.com,1982-12-08,2024-03-14 21:37:30
148,Mariah Cassiano,mariahcassiano148@mail.com,1965-04-12,2024-06-05 14:09:12
149,Mateus da Rocha,mateusdarocha149@mail.com,1994-08-12,2023-12-24 04:30:09
150,Pedro Henrique Araújo,pedrohenriquearaujo150@mail.com,2003-03-23,2025-03-14 22:18:02
151,Vitória Araújo,vitoriaaraujo151@mail.com,1965-02-02,2024-07-07 02:52:33
152,Ana Sophia Araújo,anasophiaaraujo152@mail.com,1974-06-21,2025-06-22 12:05:06
153,Carlos Eduardo Pacheco,carloseduardopacheco153@mail.com,2001-03-02,2023-12-11 09:21:59
154,Maria Liz Montenegro,marializmontenegro154@mail.com,1973-12-26,2024-12-04 12:35:27
155,Sofia Castro,sofiacastro155@mail.com,1970-02-10,2024-08-14 08:45:25
156,Danilo Moraes,danilomoraes156@mail.com,1981-08-05,2024-06-25 12:19:04
157,Enrico Cirino,enricocirino157@mail.com,1993-06-21,2024-01-11 18:36:28
158,Davi Miguel Peixoto,davimiguelpeixoto158@mail.com,1976-02-20,2024-01-22 19:59:37
159,Davi Luiz Rocha,daviluizrocha159@mail.com,1992-03-14,2025-08-06 18:18:05
160,Ravy Guerra,ravyguerra160@mail.com,1994-06-09,2024-11-15 17:03:51
161,Isaque Nunes,isaquenunes161@mail.com,1975-09-15,2025-06-05 23:12:46
162,Thales Pacheco,thalespacheco162@mail.com,1995-04-13,2023-11-14 23:08:27
163,Bruno Pinto,brunopinto163@mail.com,1996-09-23,2024-08-26 13:51:51
164,Enrico Leão,enricoleao164@mail.com,1988-01-22,2024-07-04 13:33:59
165,Rebeca Dias,rebecadias165@mail.com,2006-07-13,2024-08-20 14:31:26
166,Vicente Costela,vicentecostela166@mail.com,1971-11-04,2025-10-04 07:44:39
167,Ana Sophia da Costa,anasophiadacosta167@mail.com,1985-02-23,2025-10-18 15:53:50
168,Vinícius Gonçalves,viniciusgoncalves168@mail.com,1990-04-10,2024-08-21 09:06:30
169,João Rios,joaorios169@mail.com,1974-12-22,2025-03-13 10:55:42
170,Ana Clara Marques,anaclaramarques170@mail.com,1995-06-09,2024-08-04 11:01:21
171,Ana Vitória Sá,anavitoriasa171@mail.com,2008-04-09,2024-11-14 13:59:01
172,Diogo Albuquerque,diogoalbuquerque172@mail.com,1999-03-01,2025-06-16 06:02:55
173,Maria Cecília Pinto,mariaceciliapinto173@mail.com,1975-10-13,2024-09-16 07:09:15
174,Guilherme Barbosa,guilhermebarbosa174@mail.com,1972-11-20,2025-09-28 01:38:52
175,Stephany Cunha,stephanycunha175@mail.com,1968-03-20,2025-06-08 11:53:40
176,Natália da Luz,nataliadaluz176@mail.com,1998-10-01,2025-01-31 14:54:06
177,João Ferreira,joaoferreira177@mail.com,1989-07-09,2024-07-16 16:48:15
178,Davi Miguel da Cruz,davimigueldacruz178@mail.com,1988-04-14,2025-01-13 13:21:20
179,Ester da Paz,esterdapaz179@mail.com,1993-09-14,2024-07-01 03:59:55
180,Levi Macedo,levimacedo180@mail.com,1975-09-30,2024-10-31 20:32:26
181,Yasmin Santos,yasminsantos181@mail.com,1968-09-20,2023-12-28 03:14:19
182,Ana Julia Pimenta,anajuliapimenta182@mail.com,2008-06-21,2025-04-04 03:57:44
183,Sarah Albuquerque,sarahalbuquerque183@mail.com,1970-08-09,2025-02-23 00:06:31
184,Ana Clara Ribeiro,anaclararibeiro184@mail.com,1978-11-18,2025-06-29 08:10:15
185,Gustavo Henrique Carvalho,gustavohenriquecarvalho185@mail.com,1996-03-01,2023-11-08 19:22:29
186,Vinícius Camargo,viniciuscamargo186@mail.com,1986-08-02,2024-02-12 06:35:42
187,Heitor Souza,heitorsouza187@mail.com,2002-08-04,2024-12-11 00:46:07
188,Leonardo da Mata,leonardodamata188@mail.com,1972-10-12,2024-12-09 07:44:25
189,Alexia Pereira,alexiapereira189@mail.com,1966-04-17,2024-09-13 21:29:00
190,Otto Silva,ottosilva190@mail.com,2004-12-26,2023-11-17 05:52:02
191,Caroline Costela,carolinecostela191@mail.com,1994-09-04,2023-11-11 17:43:26
192,Vinícius Montenegro,viniciusmontenegro192@mail.com,1965-12-23,2025-06-23 08:05:58
193,Mariana da Cunha,marianadacunha193@mail.com,2007-05-02,2024-04-27 13:06:27
194,Cauã Borges,cauaborges194@mail.com,1967-04-20,2025-08-15 10:16:58
195,Lavínia da Mota,laviniadamota195@mail.com,1968-05-04,2025-10-12 13:24:38
196,Caio Abreu,caioabreu196@mail.com,1978-09-02,2024-08-07 15:31:03
197,Brenda Vargas,brendavargas197@mail.com,1969-03-04,2023-10-31 23:08:03
198,José Pedro Porto,josepedroporto198@mail.com,1982-07-28,2024-05-08 05:01:19
199,Vinicius Castro,viniciuscastro199@mail.com,1991-12-15,2024-04-21 11:06:03
200,Luísa Novaes,luisanovaes200@mail.com,1980-03-16,2024-02-26 18:55:56
201,Letícia Novais,leticianovais201@mail.com,1989-06-22,2025-07-28 18:32:56
202,Antony Camargo,antonycamargo202@mail.com,1981-06-23,2024-07-06 07:57:24
203,Dom Sales,domsales203@mail.com,1969-11-18,2024-10-01 16:27:23
204,Kaique Nogueira,kaiquenogueira204@mail.com,2008-02-15,2024-11-26 22:05:01
205,Brayan Freitas,brayanfreitas205@mail.com,1978-07-10,2024-10-26 19:17:53
206,Juan Lopes,juanlopes206@mail.com,1988-06-04,2024-02-22 18:38:44
207,José Miguel Aparecida,josemiguelaparecida207@mail.com,1974-10-21,2024-05-13 21:44:53
208,Ana Liz Fonseca,analizfonseca208@mail.com,2004-06-24,2024-09-03 10:54:57
209,Bruno Fogaça,brunofogaca209@mail.com,1974-06-25,2023-11-17 11:22:13
210,Otto Rodrigues,ottorodrigues210@mail.com,1967-10-27,2024-06-09 12:23:12
211,Theo Rios,theorios211@mail.com,2008-09-08,2024-12-27 20:38:10
212,Gustavo Fogaça,gustavofogaca212@mail.com,1983-11-06,2025-02-17 17:33:20
213,Joana Pinto,joanapinto213@mail.com,1967-01-02,2024-10-12 11:28:24
214,Leonardo da Costa,leonardodacosta214@mail.com,1974-01-28,2024-11-06 13:12:44
215,Luan Cavalcanti,luancavalcanti215@mail.com,1974-05-10,2024-10-29 12:11:02
216,Júlia Alves,juliaalves216@mail.com,1992-05-22,2025-02-09 20:18:38
217,Luiz Henrique Sousa,luizhenriquesousa217@mail.com,2002-07-20,2024-12-06 00:21:05
218,Brenda Viana,brendaviana218@mail.com,1974-11-07,2025-04-18 21:43:50
219,Juliana Rios,julianarios219@mail.com,1996-02-21,2025-01-14 07:14:17
220,Theo da Mata,theodamata220@mail.com,1975-12-25,2025-01-09 01:02:39
221,Liam Viana,liamviana221@mail.com,1997-05-27,2025-03-06 15:33:54
222,Henrique Garcia,henriquegarcia222@mail.com,1998-05-25,2025-10-10 09:15:25
223,Breno Melo,brenomelo223@mail.com,2001-06-07,2025-09-09 02:43:09
224,Pedro Miguel Costa,pedromiguelcosta224@mail.com,1974-05-30,2023-11-11 00:06:24
225,Maria Clara Ferreira,mariaclaraferreira225@mail.com,1969-02-16,2025-07-12 04:15:28
226,Ana Laura Vieira,analauravieira226@mail.com,1973-06-02,2024-07-01 11:16:29
227,Rafael Câmara,rafaelcamara227@mail.com,1981-05-04,2025-04-20 02:50:01
228,Benicio Ribeiro,benicioribeiro228@mail.com,1993-02-23,2025-07-01 02:19:31
229,Matheus Guerra,matheusguerra229@mail.com,1984-02-17,2025-08-10 07:41:44
230,Bella da Mota,belladamota230@mail.com,1968-11-08,2025-08-31 23:10:48
231,Davi Miguel Vargas,davimiguelvargas231@mail.com,2000-01-11,2024-12-18 01:36:11
232,Agatha Ferreira,agathaferreira232@mail.com,1994-08-27,2024-04-01 13:33:07
233,Nicole Guerra,nicoleguerra233@mail.com,1970-12-25,2024-01-30 20:29:14
234,Stella Farias,stellafarias234@mail.com,1976-04-14,2024-07-20 12:35:07
235,Benjamin Camargo,benjamincamargo235@mail.com,1989-12-29,2024-08-11 17:35:09
236,Vicente Cavalcanti,vicentecavalcanti236@mail.com,1972-12-12,2025-08-24 06:30:30
237,Vinícius Andrade,viniciusandrade237@mail.com,2003-07-12,2024-01-23 21:01:16
238,Henrique Peixoto,henriquepeixoto238@mail.com,1992-11-21,2025-08-02 22:59:10
239,Luara Ferreira,luaraferreira239@mail.com,1994-07-30,2024-04-08 01:58:17
240,Ana Sophia Lopes,anasophialopes240@mail.com,1999-10-25,2024-09-01 12:18:07
241,Nina Camargo,ninacamargo241@mail.com,1964-12-25,2024-06-30 18:06:00
242,Helena Oliveira,helenaoliveira242@mail.com,2007-06-30,2025-01-02 18:24:39
243,Mateus da Cunha,mateusdacunha243@mail.com,1965-03-07,2025-08-13 20:12:20
244,Caio Santos,caiosantos244@mail.com,1992-12-09,2024-02-29 21:30:07
245,Luiza Abreu,luizaabreu245@mail.com,1982-08-29,2024-04-15 20:31:09
246,Raquel Nascimento,raquelnascimento246@mail.com,1968-08-10,2025-01-25 23:31:32
247,Matteo Fonseca,matteofonseca247@mail.com,2005-09-25,2025-05-08 17:30:16
248,Lorena Azevedo,lorenaazevedo248@mail.com,1971-01-08,2025-01-02 12:42:55
249,Bianca Pinto,biancapinto249@mail.com,2002-03-01,2023-11-19 17:37:58
250,Ana Sophia Ribeiro,anasophiaribeiro250@mail.com,1965-04-02,2025-01-19 10:28:58
251,Josué Silveira,josuesilveira251@mail.com,1975-02-16,2024-08-03 01:46:32
252,Ana Clara Montenegro,anaclaramontenegro252@mail.com,1971-10-06,2024-08-08 16:58:08
253,Ana Luiza Rios,analuizarios253@mail.com,1971-06-20,2025-09-29 01:22:45
254,Julia Duarte,juliaduarte254@mail.com,1994-11-15,2024-03-14 07:19:40
255,Isis Sampaio,isissampaio255@mail.com,2007-11-16,2025-01-22 07:43:26
256,Ana Carolina Novaes,anacarolinanovaes256@mail.com,2007-07-29,2024-06-30 09:48:34
257,José Miguel Correia,josemiguelcorreia257@mail.com,1968-03-13,2025-01-13 22:05:47
258,Laura Rios,laurarios258@mail.com,1972-03-16,2024-01-13 10:48:04
259,Gabrielly Rocha,gabriellyrocha259@mail.com,2004-02-28,2024-11-02 13:50:12
260,Luiz Fernando Pimenta,luizfernandopimenta260@mail.com,1988-05-14,2023-12-09 00:53:45
261,Ana Julia Guerra,anajuliaguerra261@mail.com,1999-05-11,2024-08-29 10:39:53
262,Ágatha Abreu,agathaabreu262@mail.com,1990-11-21,2024-09-09 08:40:33
263,Ana Júlia da Paz,anajuliadapaz263@mail.com,2007-03-08,2025-07-26 17:15:11
264,Otto Lopes,ottolopes264@mail.com,1993-05-13,2025-06-28 13:59:19
265,Aurora Martins,auroramartins265@mail.com,1977-10-25,2023-12-21 08:56:57
266,Luísa Macedo,luisamacedo266@mail.com,1980-03-28,2025-08-30 21:52:29
267,Paulo Moraes,paulomoraes267@mail.com,1976-04-23,2024-01-26 10:33:17
268,Maria Júlia Vieira,mariajuliavieira268@mail.com,1969-03-13,2025-09-02 21:17:35
269,Lucca Ribeiro,luccaribeiro269@mail.com,1992-01-18,2025-06-12 18:13:03
270,Enzo Gabriel da Paz,enzogabrieldapaz270@mail.com,1980-11-02,2024-06-16 00:17:00
271,Olívia Ribeiro,oliviaribeiro271@mail.com,2007-12-08,2024-02-09 19:59:30
272,Bruna Borges,brunaborges272@mail.com,1999-05-20,2024-04-09 04:12:23
273,Ravy Rocha,ravyrocha273@mail.com,1974-04-01,2025-07-21 20:31:24
274,Ana Luiza Câmara,analuizacamara274@mail.com,2002-03-04,2025-06-26 05:07:19
275,Miguel Casa Grande,miguelcasagrande275@mail.com,2000-02-13,2024-12-30 10:10:37
276,Benicio Aparecida,benicioaparecida276@mail.com,1992-03-27,2024-06-17 11:30:41
277,Samuel Melo,samuelmelo277@mail.com,1994-03-07,2024-04-08 23:26:17
278,Diogo Marques,diogomarques278@mail.com,1985-07-20,2024-02-19 10:11:59
279,Kamilly Pires,kamillypires279@mail.com,2001-09-20,2025-01-15 13:35:48
280,Mathias Silva,mathiassilva280@mail.com,1988-02-09,2025-01-25 04:36:39
281,Hadassa Monteiro,hadassamonteiro281@mail.com,1991-05-27,2024-03-02 07:35:24
282,Isabelly da Cruz,isabellydacruz282@mail.com,1967-02-18,2025-05-25 12:26:46
283,Juan Rezende,juanrezende283@mail.com,1975-02-21,2024-11-05 16:36:02
284,Anthony Sá,anthonysa284@mail.com,1974-01-21,2024-10-03 12:07:33
285,Heitor Vasconcelos,heitorvasconcelos285@mail.com,1989-07-21,2023-11-10 20:00:35
286,Laís Câmara,laiscamara286@mail.com,1973-04-12,2025-02-27 13:44:54
287,Luiz Gustavo Sampaio,luizgustavosampaio287@mail.com,2007-05-17,2024-06-27 14:49:27
288,Rafaela Martins,rafaelamartins288@mail.com,1984-11-20,2023-12-27 23:09:59
289,Carlos Eduardo Novais,carloseduardonovais289@mail.com,1978-10-08,2025-06-17 10:24:59
290,Theo Campos,theocampos290@mail.com,1972-05-09,2025-07-14 12:40:24
291,Maria Alice Carvalho,mariaalicecarvalho291@mail.com,2003-01-30,2024-07-15 04:08:44
292,Maria Fernanda Rios,mariafernandarios292@mail.com,2000-03-30,2023-12-24 23:05:03
293,Sofia Novais,sofianovais293@mail.com,2005-02-27,2025-01-26 16:22:40
294,Anna Liz Sá,annalizsa294@mail.com,1969-11-06,2024-09-12 05:02:40
295,Luísa Pimenta,luisapimenta295@mail.com,2004-05-10,2023-12-04 09:16:33
296,Mirella Lima,mirellalima296@mail.com,1985-05-16,2024-01-22 10:56:19
297,Ágatha Machado,agathamachado297@mail.com,1975-10-08,2024-02-01 02:12:47
298,Liam Souza,liamsouza298@mail.com,1993-12-07,2023-11-24 18:14:28
299,Maria Laura Machado,marialauramachado299@mail.com,1995-09-10,2024-08-07 01:07:12
300,Valentim Sá,valentimsa300@mail.com,1968-10-30,2025-07-14 12:33:02
