id,matricula_id,nota,comentario,data_avaliacao
1,1,1,Fugit temporibus id assumenda ducimus incidunt possimus modi architecto.,2023-10-29
2,3,2,Voluptatum possimus deserunt fuga omnis reprehenderit non in corrupti.,2025-06-24
3,5,2,Fugiat vitae dolorum earum minus placeat illum eveniet at tenetur quod.,2025-04-30
4,6,5,Sit dolorem ab fugiat voluptas fugiat autem.,2024-09-26
5,7,1,Cupiditate quas esse reprehenderit laudantium minus praesentium.,2025-09-10
6,8,5,Mollitia non tempore cupiditate veniam harum exercitationem qui voluptas.,2023-12-09
7,12,5,Mollitia sunt illo nihil ea placeat quae omnis consequuntur necessitatibus eaque ullam.,2025-08-02
8,13,4,Provident dolorum non provident delectus voluptates reiciendis magnam eius incidunt.,2025-07-23
9,14,2,Esse similique veniam illo est at aspernatur quas.,2024-04-08
10,18,5,Cumque animi quia mollitia laudantium soluta vitae.,2025-09-08
11,19,5,Perspiciatis ut consequatur libero placeat perspiciatis minus commodi accusamus deleniti rerum.,2024-01-09
12,20,3,Quae praesentium quibusdam doloribus qui veritatis.,2024-09-03
13,21,1,Placeat aliquam ipsum cumque ut quis temporibus cupiditate facilis consequatur explicabo amet.,2025-09-21
14,22,1,Fugiat fuga beatae totam dolorum molestiae quisquam blanditiis error eos distinctio qui.,2024-07-15
15,24,3,Hic ullam ut vero maiores tempora vel tempora sed animi ab itaque error.,2024-11-23
16,25,1,A tempora delectus explicabo aut laudantium assumenda.,2024-11-21
17,27,4,Tempore illum totam ab quo dolorum iusto fugiat facilis tempora modi earum.,2023-12-12
18,28,1,Omnis ipsa consequuntur quia ab sunt quae beatae eligendi consequatur in.,2025-08-12
19,30,3,Tempore cum dicta laboriosam pariatur eaque in mollitia reiciendis quaerat.,2024-12-24
20,36,4,Quibusdam quos id quas quia repudiandae consectetur vero recusandae commodi.,2024-04-20
21,37,5,Magnam quisquam dolores perspiciatis exercitationem voluptate qui ipsa enim laborum.,2024-02-29
22,39,5,Dolorum corrupti maiores dolorum quisquam sint voluptatibus dolorum reprehenderit dicta provident.,2024-02-05
23,40,5,Praesentium magnam debitis voluptatibus nihil odio dolorem.,2025-04-10
24,41,2,Illo earum deleniti corporis accusantium dicta sint.,2024-12-29
25,42,5,Illum esse odio doloremque excepturi laboriosam magni officia esse earum.,2024-03-24
26,44,5,Velit quae doloribus tempora delectus a optio eum eligendi.,2024-07-13
27,45,5,Tenetur aut delectus veniam facilis esse atque accusamus mollitia.,2024-08-09
28,49,4,Ex qui facere quod minus fuga officiis.,2024-02-05
29,50,3,Nesciunt assumenda autem occaecati nobis aliquam voluptas sunt.,2024-02-29
30,51,4,Deserunt ipsum atque velit nulla error labore quis.,2025-08-08
31,52,4,Quam aliquam deleniti mollitia dolorum soluta sequi tenetur voluptate tempora ipsum quaerat.,2025-10-03
32,53,1,Architecto in ut magnam accusantium nobis possimus consectetur aliquid necessitatibus recusandae.,2025-07-29
33,54,3,Qui id placeat sit voluptas cumque quibusdam fugit.,2024-07-18
34,55,5,Id earum delectus cum dolor possimus sunt ratione iste provident.,2025-04-18
35,56,1,Ea sequi eos eaque blanditiis dolore modi eos odit velit eius consequatur.,2024-04-08
36,63,5,Odit dolorum reprehenderit modi a expedita.,2024-12-09
37,64,4,Voluptas eveniet veniam sunt eaque consequatur tempore eos voluptates numquam ab explicabo quas.,2025-01-02
38,66,3,Debitis voluptas modi voluptatem quod quos autem quia fugit.,2024-09-27
39,67,1,Sit odio mollitia repellendus dolore eaque neque repellat quidem.,2025-07-20
40,71,5,Ipsum quas inventore corporis laboriosam libero itaque.,2023-10-28
41,72,2,Deleniti laudantium quas officia accusantium cum debitis hic.,2024-08-06
42,73,2,Deleniti corporis incidunt iste officia illo quam consequatur quibusdam accusamus aut fugit beatae.,2024-02-17
43,74,5,Quis officia aliquam dolorum assumenda consequuntur.,2025-08-11
44,75,3,Nobis recusandae ab recusandae molestiae repellendus sequi assumenda consequuntur quis tempora repellendus esse laboriosam.,2024-10-16
45,77,5,Animi porro occaecati commodi repudiandae aut error maiores saepe.,2024-11-06
46,78,1,A dolore dolorem harum explicabo enim ullam.,2024-12-04
47,80,5,Placeat quaerat temporibus laudantium voluptatibus dolore vero eligendi asperiores ex.,2025-06-04
48,82,1,Unde ullam tempora non debitis minus nobis perspiciatis corrupti pariatur.,2023-10-30
49,83,1,Numquam enim soluta earum libero fuga eaque tenetur reiciendis.,2025-08-23
50,84,3,Similique voluptatem quod corporis corporis ipsum.,2024-09-02
51,86,2,Repellendus beatae incidunt quas corporis eum consectetur quisquam explicabo laudantium laboriosam voluptate.,2025-06-09
52,88,2,Recusandae ex reiciendis omnis doloribus in libero modi minus reprehenderit harum neque in.,2024-05-29
53,93,1,Quod repellat dolor assumenda facere dicta sed facere labore consequatur beatae tenetur facere.,2025-07-27
54,94,5,Eos corporis sequi voluptas totam doloribus repudiandae.,2025-04-22
55,97,2,Quia blanditiis possimus corporis quasi possimus.,2024-08-23
56,98,5,Fuga praesentium optio asperiores saepe sit adipisci facilis aspernatur aspernatur necessitatibus.,2024-10-09
57,99,1,Corrupti delectus quia quibusdam praesentium error illum excepturi quos possimus enim.,2024-11-01
58,102,1,Animi odit nobis cupiditate cum id incidunt.,2024-03-17
59,107,1,Mollitia repudiandae ullam magnam quae incidunt culpa voluptate maxime voluptate commodi.,2024-12-08
60,108,1,Id animi hic reprehenderit voluptate non aspernatur possimus.,2024-10-20
61,111,5,Et odit repudiandae cum rem officia deserunt autem aspernatur nobis sed adipisci.,2025-06-09
62,112,4,Cum autem distinctio ab tenetur deleniti dicta ut dolores.,2025-08-15
63,115,4,Voluptate natus natus ratione aliquid et velit.,2025-02-05
64,116,5,Voluptatem quibusdam vero magnam et hic.,2024-03-18
65,118,3,Voluptate praesentium atque illum qui aut rem corrupti nesciunt fugit.,2025-03-07
66,119,5,Sit alias cum placeat aspernatur numquam veritatis doloremque dolor placeat consequuntur quaerat voluptatibus.,2024-05-10
67,120,5,Maiores quas officiis ut exercitationem quos excepturi facere sequi inventore tempora quo.,2024-03-19
68,122,2,Dolores voluptatum non vero necessitatibus voluptatibus atque accusamus quisquam est.,2024-02-25
69,123,4,Libero iste cumque eos architecto nemo explicabo.,2025-06-30
70,125,5,Debitis quo ducimus labore ducimus soluta.,2024-05-17
71,127,3,Velit voluptas laborum facilis enim illum nulla.,2024-04-23
72,128,1,Ipsam maiores numquam et assumenda impedit ipsum.,2025-09-20
73,129,2,Nulla officia qui doloribus reprehenderit ab.,2024-10-31
74,131,2,Enim culpa id asperiores harum iure atque.,2025-08-17
75,133,3,Iusto modi repellendus autem debitis autem vero id inventore illo aperiam.,2024-08-04
76,134,2,Voluptatum laborum praesentium labore eius alias culpa iusto odit eum.,2024-11-15
77,135,1,Voluptates quo aperiam repellat ratione voluptatem.,2024-09-06
78,137,4,Amet sint veritatis placeat earum odio assumenda architecto.,2024-07-25
79,139,3,Aspernatur soluta iste in distinctio tempora delectus amet tempora incidunt vitae.,2024-12-24
80,140,5,Cum expedita in labore porro cum possimus explicabo possimus.,2024-12-20
81,141,2,Reprehenderit natus tempora dicta quam neque corporis optio reprehenderit quasi.,2024-09-30
82,143,2,Accusamus tempore ut libero et recusandae perferendis ea quam voluptates.,2024-04-21
83,144,1,Odio odit neque alias quia deleniti possimus.,2024-07-27
84,147,4,Nobis dolor distinctio deleniti perspiciatis veritatis fuga facilis.,2024-01-31
85,148,3,Tempore magnam sint praesentium officiis iste illum explicabo molestiae.,2024-09-15
86,149,2,Voluptate excepturi unde itaque fuga mollitia cum ipsa eligendi optio perspiciatis odio.,2025-10-17
87,150,3,Vel temporibus aut assumenda saepe at accusamus ut aut quibusdam numquam molestias odio.,2024-11-28
88,151,3,Neque adipisci enim in dolore iste fugit deserunt iusto commodi voluptas totam.,2025-09-28
89,152,2,Tenetur officia quos id velit quos magni eaque omnis esse temporibus.,2025-07-16
90,154,5,Perferendis a tenetur adipisci ad ratione sapiente maxime qui et cupiditate.,2024-09-24
91,157,3,Voluptatibus doloribus voluptate deserunt officia repudiandae reiciendis neque consectetur odio voluptate cupiditate temporibus.,2023-11-05
92,159,2,Culpa doloremque quae commodi blanditiis neque hic quis totam saepe culpa eum.,2025-05-07
93,160,5,At ipsa occaecati nihil adipisci provident ullam.,2024-10-12
94,161,3,Nemo ad quasi voluptatem odio quod delectus.,2023-11-11
95,166,3,Error modi doloribus quod ratione quo omnis eius.,2024-03-26
96,168,2,Occaecati odit neque aut itaque nisi autem.,2024-08-25
97,169,1,Ea debitis aspernatur sapiente totam dignissimos aut recusandae impedit.,2024-11-15
98,173,5,Vero asperiores porro fugiat et tenetur repellat debitis ab debitis necessitatibus non.,2025-02-03
99,176,3,Blanditiis exercitationem expedita voluptatum nobis a.,2025-09-12
100,177,4,Qui unde deserunt adipisci ad maiores corrupti sint beatae dolor eveniet dolor.,2023-11-05
101,179,5,Eaque laboriosam veritatis expedita mollitia eos quia.,2025-09-06
102,182,1,Ipsa veniam ullam dolorum dicta sapiente quaerat vitae aut recusandae nesciunt cumque.,2025-03-04
103,183,4,Veritatis laborum sunt incidunt quia repellendus numquam non.,2025-01-05
104,184,3,Dicta explicabo tempore reprehenderit ipsum suscipit vero ducimus illum nobis soluta.,2025-10-14
105,187,3,Explicabo adipisci debitis eum ratione facere asperiores omnis fuga quod commodi et.,2025-06-19
106,189,5,Quaerat distinctio necessitatibus eum doloremque architecto.,2024-02-08
107,190,5,Nobis minima aut eius non sunt similique asperiores tempora.,2024-12-23
108,192,2,Placeat ipsa repellendus dicta amet laudantium aliquid earum blanditiis iste nobis.,2023-12-27
109,195,5,Fugit nemo eligendi officia sequi voluptates tenetur eligendi sapiente illo tempore ullam aliquam.,2024-10-24
110,197,3,Architecto atque rem quam earum quidem.,2023-11-24
111,198,1,Aspernatur quo laudantium aliquid error voluptates laudantium odit tenetur sapiente vel.,2024-10-21
112,199,1,Adipisci aliquid ab autem eum porro ipsa.,2024-09-04
113,203,4,At quam repellat repellendus modi a porro amet.,2024-04-14
114,204,4,Beatae veniam asperiores eveniet nostrum repellat.,2024-08-03
115,205,2,Praesentium unde nesciunt blanditiis eum corporis nesciunt sed tempora.,2024-06-23
116,206,2,Pariatur maxime dolores labore laudantium eligendi quo laboriosam at quisquam quae.,2025-03-17
117,208,5,Nam sit optio quasi dignissimos aspernatur voluptas animi accusamus dolor.,2023-11-11
118,210,4,Deleniti autem dignissimos nihil minus similique quis est iste culpa.,2024-06-11
119,211,2,Autem consectetur totam harum iste nulla dicta id architecto incidunt placeat veritatis.,2024-11-18
120,212,2,Officiis corporis soluta quia dolores tempora deleniti adipisci optio iste eaque unde assumenda.,2024-01-17
121,214,2,Distinctio id inventore ex ipsam fuga aliquid fugit unde deserunt deleniti.,2024-10-03
122,215,4,Nisi minus laudantium inventore perspiciatis officia vero dolor.,2025-04-21
123,216,5,Tempora nemo dolores minus eius sunt.,2025-02-08
124,222,2,Hic aut quasi sunt eaque dignissimos ratione expedita enim nisi quasi.,2024-12-15
125,224,1,Delectus tenetur numquam qui sequi porro cumque.,2024-03-20
126,228,2,Cumque ex iste vitae pariatur incidunt.,2025-10-21
127,230,4,Debitis eaque aspernatur perspiciatis sequi nisi.,2024-05-22
128,231,2,Nesciunt laborum dolorum autem reprehenderit necessitatibus voluptatibus saepe minima cumque corporis atque.,2025-06-29
129,232,4,Rem excepturi laudantium expedita molestias optio ducimus itaque repudiandae.,2025-03-15
130,234,3,Quae tempora quo sequi temporibus nisi beatae placeat quas.,2024-07-16
131,239,5,Corporis illum dolore voluptatibus facere adipisci.,2025-04-19
132,240,5,Qui voluptate facere quia deserunt veritatis odit vitae soluta perspiciatis tempore ipsum vero.,2024-08-19
133,241,1,Cupiditate tenetur expedita ex nihil veniam eius deleniti neque praesentium rerum commodi.,2025-03-04
134,242,2,Necessitatibus recusandae expedita beatae ab unde corporis perspiciatis minima enim nam.,2025-10-18
135,243,3,Esse enim reiciendis accusamus aliquam eligendi nihil amet.,2024-05-11
136,244,4,A explicabo rerum amet consequuntur soluta quos magnam vero.,2024-07-09
137,246,4,Culpa assumenda earum voluptatum deserunt nesciunt aspernatur dolor labore explicabo repellat odio in.,2025-07-01
138,249,5,Tempora ullam nisi cupiditate ipsa soluta rem.,2025-10-20
139,250,2,Placeat dicta consequatur mollitia error assumenda necessitatibus.,2025-07-16
140,253,3,Itaque delectus quos rerum atque minima possimus magnam placeat facere explicabo iure vero itaque.,2024-05-07
141,254,4,Ad quisquam at consequuntur tenetur ratione neque fuga numquam tempore soluta amet sapiente.,2025-10-22
142,256,1,Illo ab rem soluta itaque amet amet.,2024-05-29
143,257,3,Ex atque enim laboriosam ex aperiam qui.,2024-11-20
144,262,4,Qui amet dignissimos corporis qui libero dolore perferendis sequi error est voluptatibus.,2025-05-08
145,263,5,Rem numquam dicta architecto corrupti sunt.,2025-09-11
146,267,5,Atque dignissimos labore rerum ipsam animi commodi illo voluptatem reprehenderit sapiente molestias.,2025-03-19
147,268,4,Placeat similique nulla inventore odio delectus repellendus omnis cupiditate qui molestias labore enim.,2024-02-11
148,269,5,Vero laudantium pariatur hic possimus autem impedit.,2024-06-22
149,271,3,Corporis eligendi blanditiis harum neque alias officiis omnis ipsam tenetur explicabo.,2025-09-01
150,272,5,Iusto quam eius voluptatem facere sequi magnam.,2025-06-07
151,274,1,Temporibus minima maiores cupiditate corrupti omnis natus itaque similique consequuntur.,2025-09-01
152,277,2,Unde architecto saepe laborum vitae non debitis provident magni.,2025-06-10
153,278,1,Ea possimus nihil neque nesciunt rerum architecto adipisci quasi doloremque pariatur libero.,2025-01-15
154,279,3,Eum doloremque quo totam recusandae autem sunt quas fugit voluptate ullam aperiam.,2023-12-26
155,284,3,Beatae sed asperiores quis non sapiente unde eum praesentium.,2024-03-14
156,290,2,Consequatur odit nam deserunt laudantium perspiciatis dolorem quia inventore minus.,2025-09-05
157,293,2,Assumenda ad vero atque alias consequuntur a quo.,2025-06-15
158,294,2,Molestias asperiores delectus quas tenetur odit libero rerum necessitatibus labore explicabo nulla nam.,2023-11-14
159,295,2,Reiciendis ipsa numquam soluta necessitatibus consectetur maxime.,2025-09-14
160,296,4,Blanditiis dolorem nobis ex dolore velit ullam.,2024-11-17
161,297,4,Hic facere sit culpa enim modi dolores maxime nostrum.,2025-04-08
162,300,5,Id animi possimus beatae iusto totam ea adipisci excepturi.,2025-03-04
163,301,3,Dicta suscipit animi dignissimos repellendus eveniet quidem totam aperiam.,2024-09-14
164,302,5,Asperiores veniam temporibus praesentium quisquam alias voluptatem veniam nisi nostrum aspernatur mollitia.,2025-03-11
165,307,1,Earum aliquam alias magni officiis inventore esse.,2024-07-03
166,308,5,Accusantium animi quo repellat modi similique placeat qui.,2025-09-15
167,311,1,Laboriosam harum fugiat commodi praesentium mollitia blanditiis blanditiis nulla temporibus explicabo exercitationem ullam.,2025-01-30
168,315,4,Doloremque nihil dolorem quibusdam suscipit recusandae necessitatibus voluptatibus accusamus.,2024-09-20
169,316,1,Repellat asperiores consectetur debitis aliquam expedita omnis doloribus eos.,2025-04-02
170,317,1,Id omnis omnis asperiores vel dignissimos provident repellendus tempore similique ipsam esse facilis.,2024-05-31
171,318,5,Eos officiis minima eaque possimus magnam amet tempore provident numquam eius dignissimos consequatur.,2024-10-14
172,321,1,Dolorem quia distinctio fuga repellendus consequuntur voluptate praesentium officiis iste beatae libero.,2024-09-29
173,324,5,Earum nihil error vitae animi sequi.,2024-09-18
174,325,3,Libero sint harum aliquid dignissimos delectus inventore amet esse molestiae.,2024-03-10
175,328,1,Vel tenetur quidem excepturi repudiandae ea quidem dolor ad quas.,2024-08-01
176,329,2,Ipsa incidunt quas quasi animi autem harum quam perspiciatis similique vel iure nemo.,2023-11-25
177,331,2,Quisquam ea vero iusto voluptatibus dolores tenetur eligendi placeat earum voluptatum quo eos.,2024-03-24
178,332,3,Hic nulla facere omnis quos repellat non commodi necessitatibus eum eaque debitis iure.,2024-01-03
179,333,4,Ab alias facere odit nam illum neque aspernatur tempore mollitia veritatis.,2025-04-15
180,335,4,Debitis quisquam eius sit consectetur occaecati corporis nulla amet beatae aliquam.,2025-06-28
181,336,2,Similique neque aliquam quaerat aperiam quaerat ea ducimus perspiciatis similique explicabo quaerat.,2025-02-07
182,343,2,Doloremque autem magni beatae aspernatur dignissimos necessitatibus repudiandae perspiciatis architecto incidunt eligendi ad.,2025-07-15
183,347,4,Ratione ex illum officiis iusto voluptate numquam cum aliquid ut tenetur ad non.,2024-02-26
184,348,5,Magni quos magni neque exercitationem dolor rerum adipisci quas fugit.,2024-09-04
185,355,2,Veritatis vero voluptatibus natus voluptatum occaecati quasi.,2025-04-04
186,356,2,Quasi sed minus amet iusto minima ipsam eaque saepe eos doloribus doloribus.,2025-06-11
187,359,3,Doloremque et voluptas possimus ipsam vero illum aspernatur natus asperiores.,2023-12-14
188,360,2,Officiis non ipsum in necessitatibus repudiandae commodi modi quod illum.,2025-03-10
189,361,2,Pariatur non recusandae exercitationem blanditiis illum magnam corrupti laudantium sunt dicta debitis iste.,2025-09-21
190,362,3,Blanditiis ea mollitia ut quia consectetur alias inventore.,2023-12-12
191,363,1,Voluptatibus consequatur sint ullam temporibus explicabo illo nam.,2024-10-09
192,364,4,Blanditiis tempore tempore nihil nulla voluptatibus aliquid qui explicabo.,2024-09-22
193,366,4,Tenetur occaecati qui ipsa quidem praesentium quasi quam nihil reprehenderit magni.,2024-09-10
194,373,2,Tempora nisi fuga officiis fugit ipsa magni.,2024-10-22
195,374,5,Eius quo doloremque laudantium aliquid maxime minima magni unde eligendi fugit quidem veritatis.,2024-06-30
196,375,5,Repellendus quasi voluptatibus distinctio maxime nemo.,2024-05-30
197,377,2,Et expedita cumque enim laborum dolore cumque vel ea non autem doloremque eius.,2025-01-12
198,378,3,Dignissimos saepe quidem ad temporibus vero molestiae.,2025-01-07
199,379,1,Ab rerum ad dicta velit necessitatibus quasi maxime.,2024-03-19
200,383,1,Eos autem provident sapiente ipsam inventore ea sint voluptatibus quasi blanditiis.,2024-11-11
201,386,3,Rem quia dolore asperiores culpa excepturi iste quasi perferendis asperiores.,2024-03-16
202,387,4,Tempora alias aut provident maxime deleniti nam saepe numquam veniam.,2025-04-23
203,389,4,Ab consequatur fugiat velit perferendis eaque corrupti repellendus quasi eligendi dicta soluta veritatis similique.,2025-01-17
204,390,5,A architecto nam dignissimos debitis in ea fugit.,2025-06-27
205,391,1,Doloremque expedita minus veritatis soluta sapiente soluta pariatur laudantium occaecati nisi molestiae eos.,2025-01-07
206,396,2,Beatae sunt quidem enim voluptas eveniet optio blanditiis.,2024-08-27
207,397,3,Vero optio expedita id consectetur sunt saepe sint nobis porro adipisci.,2024-12-14
208,399,5,Magni suscipit quos aperiam quo ea et hic ipsam.,2024-08-30
209,401,1,Ea amet laborum dolor odio aliquid ipsum dolore soluta modi quod.,2023-11-29
210,402,1,Veniam nostrum ex non accusantium quam rem.,2024-06-06
211,405,1,Quos ex explicabo quisquam aperiam aliquid distinctio.,2025-08-06
212,407,5,Dicta culpa modi similique dolorem reiciendis tenetur ex dolor quasi velit alias.,2025-01-12
213,408,3,Quidem minima magnam recusandae aliquam eligendi.,2023-12-23
214,410,5,Dolorem quo dolorum earum commodi quos.,2024-07-12
215,411,4,Consectetur qui earum assumenda asperiores quam quis impedit accusamus rerum non.,2025-09-07
216,412,2,Atque nihil hic rerum similique quos incidunt.,2024-01-02
217,414,3,Error itaque aut voluptas nemo fugiat.,2025-05-28
218,416,2,At vitae natus laboriosam tenetur modi doloribus accusantium libero hic fuga.,2024-03-14
219,417,3,Quaerat iste neque ad quo ipsum labore autem est corporis occaecati assumenda.,2024-09-05
220,418,1,Cumque sint laudantium dolorum consequuntur nulla labore quam necessitatibus doloremque quisquam dolorum est.,2025-07-04
221,421,3,Rerum alias porro nisi sit eaque distinctio natus laborum libero.,2025-05-23
222,423,3,Eum quae maiores similique voluptatibus aspernatur autem praesentium fugiat.,2024-11-26
223,424,1,Cum quibusdam cumque ipsa voluptas aliquam.,2025-09-19
224,426,2,Libero numquam minima consequuntur soluta in ab blanditiis voluptatum quam sunt.,2025-06-17
225,427,3,Minima nostrum fuga officiis consequuntur minima dignissimos nostrum quaerat.,2024-07-09
226,428,1,Non iusto distinctio ex quia voluptatum unde cum quaerat labore et debitis.,2024-02-16
227,429,5,Architecto voluptate est deleniti possimus modi ex aperiam iusto culpa expedita nam.,2023-11-18
228,431,4,Exercitationem accusamus deserunt eligendi tenetur incidunt quas facilis.,2024-05-03
229,433,2,Vel natus odit dicta nihil aut dolor debitis natus consectetur minima.,2025-09-21
230,434,4,Ex quo nihil eius rem sit pariatur labore cumque quos.,2024-01-28
231,435,2,At rem corporis cum soluta eum tempore amet.,2024-05-14
232,436,1,Rem incidunt iusto esse quis dolores hic quo provident explicabo saepe et.,2024-02-18
233,437,4,Sunt sapiente veritatis veniam rerum quae saepe.,2025-02-16
234,438,3,Ipsam possimus dolorum blanditiis tempore officiis debitis sint sequi quo exercitationem incidunt nulla.,2024-02-04
235,443,2,Fugit debitis quibusdam ab ipsam minima ab est.,2024-01-10
236,444,5,Tenetur totam magnam accusamus earum officia odit.,2025-04-15
237,446,3,Aliquam possimus ducimus numquam voluptas reprehenderit sint unde voluptatum odio laudantium.,2024-10-19
238,450,3,Quibusdam officia molestias aut fuga nostrum quae provident debitis sed assumenda rerum.,2025-03-10
239,451,4,Animi odit aperiam atque molestias voluptatem deserunt.,2025-07-29
240,452,1,Qui ex perferendis tempore tempore cumque voluptates quam facilis accusamus optio impedit pariatur.,2024-07-03
241,453,1,Aperiam repudiandae magnam quas assumenda ipsam.,2024-04-10
242,454,2,Non porro illum odio sapiente velit est natus blanditiis.,2024-09-23
243,455,1,Necessitatibus possimus necessitatibus iure blanditiis at quas delectus nihil vitae quisquam.,2024-05-27
244,457,1,Dolor fugiat aspernatur quam doloribus saepe.,2025-07-17
245,458,2,Quibusdam qui est fugit enim eius natus impedit.,2024-09-16
246,459,5,Earum dicta voluptatem ea ipsam at explicabo facilis.,2025-03-13
247,462,1,Ipsum occaecati rerum alias rerum harum modi distinctio praesentium expedita repellat recusandae.,2024-06-09
248,463,3,Exercitationem voluptas mollitia quia eaque maiores distinctio dolor.,2024-04-28
249,465,3,Adipisci beatae omnis delectus consequuntur nesciunt fuga fugiat nihil.,2024-07-30
250,466,2,Eum autem facere tempore culpa labore.,2025-03-19
251,467,2,Officia aut totam esse iure delectus accusantium repellat itaque nemo.,2023-10-28
252,468,1,Quasi labore doloribus quam nobis laboriosam illo aliquam ut doloremque vel.,2024-02-12
253,469,2,Autem incidunt earum neque nihil cum cumque error nisi possimus minima veritatis.,2024-11-06
254,477,3,Quibusdam consectetur ex vero voluptas est quisquam reiciendis itaque cumque a corporis sunt.,2024-09-07
255,478,5,Esse delectus similique ipsa quam culpa nam quod a.,2024-11-15
256,479,1,Exercitationem iusto placeat praesentium totam pariatur rerum provident.,2024-09-23
257,484,1,Harum et vel id eveniet eligendi perferendis.,2024-04-30
258,485,4,Nisi modi expedita pariatur voluptas ad suscipit debitis doloremque facere magnam.,2025-01-17
259,487,3,Nostrum quibusdam totam officia consequuntur deleniti.,2025-03-06
260,491,1,Error at fugit debitis corrupti est perferendis laboriosam.,2023-12-21
261,492,4,Vero in cum placeat rerum iure assumenda placeat aut.,2025-05-01
262,494,3,Rem accusamus eum nemo fugit iste laborum vero illo quo esse.,2023-12-17
263,495,4,Quia blanditiis rem tenetur magnam quos quae sapiente voluptas.,2023-12-24
264,496,3,Quos voluptatem minus fugit perferendis corrupti excepturi.,2025-01-16
265,497,3,Ducimus maiores nostrum sit ipsa iure aliquam sint itaque amet nobis fuga incidunt.,2025-02-11
266,498,2,Quisquam ad eaque eos impedit ipsum error alias beatae.,2024-01-24
267,499,4,Minus id cupiditate modi commodi corporis.,2025-01-25
268,500,3,Inventore earum voluptas porro doloribus repudiandae rerum quasi minima itaque asperiores fuga.,2024-11-23
269,501,5,Non quam repellat aut maiores quas excepturi.,2023-12-10
270,503,2,In ad veniam ducimus officiis sunt saepe inventore blanditiis.,2024-02-29
271,504,4,Necessitatibus voluptatum nulla molestiae recusandae possimus aliquid nemo.,2024-10-25
272,505,1,Quis ipsa quia quod eius perferendis non tenetur.,2025-06-08
273,506,4,Earum illum accusantium impedit consectetur eaque nobis voluptate et.,2025-05-17
274,507,4,Dolore quae dolore nostrum quas non itaque in.,2025-07-20
275,509,3,Eveniet harum ut accusamus excepturi expedita ipsam iure quia distinctio possimus perferendis ducimus.,2025-08-12
276,512,5,Optio necessitatibus aspernatur laborum voluptates assumenda.,2024-09-08
277,513,4,Fuga eos et perferendis adipisci numquam cumque expedita inventore voluptatum ad voluptate.,2024-09-06
278,515,2,Quia voluptatibus fugiat modi fugiat veniam commodi id distinctio beatae enim sint quisquam.,2025-08-12
279,516,4,Mollitia explicabo dolor tempore eius quo occaecati optio porro odio odio.,2025-03-04
280,519,4,Modi hic similique libero iure repudiandae ipsum unde debitis enim minus ex.,2023-12-29
281,521,3,Omnis placeat atque neque in in deleniti adipisci dolore non magnam.,2023-11-14
282,523,4,Nobis quasi veniam eveniet dolorum necessitatibus iusto.,2024-01-01
283,524,2,Veritatis ad nobis ratione harum maiores deserunt.,2024-01-13
284,529,1,Itaque quam dolores iusto quae dicta consequatur aperiam.,2024-02-17
285,531,3,Dignissimos itaque doloribus nobis voluptatibus reiciendis.,2025-04-17
286,536,1,Magnam beatae nobis ex ullam culpa iure vitae ab adipisci perspiciatis.,2025-05-31
287,537,5,Voluptatum similique architecto impedit ea quaerat commodi quod officia modi ad laboriosam.,2025-08-17
288,540,4,Eos id reprehenderit quisquam facilis quaerat.,2025-01-21
289,542,3,Occaecati ipsam ratione aut sed quidem neque recusandae quam facilis omnis consequuntur.,2024-06-22
290,544,4,Recusandae distinctio atque odit asperiores tempore laudantium doloribus ea.,2024-03-31
291,545,3,Porro ex ipsum ducimus eius alias consequuntur maxime ad.,2024-04-17
292,546,3,Natus quae esse quaerat necessitatibus esse quae perferendis culpa rem.,2024-03-19
293,550,2,Corporis eos fugit odio adipisci distinctio esse.,2024-09-27
294,551,1,Accusamus facilis magni sit maxime labore tempore voluptas officia nesciunt magnam minima fugiat.,2025-02-05
295,552,4,Officiis sit laboriosam laborum fugit pariatur aperiam dolore dignissimos corrupti non quas.,2025-02-18
296,553,2,Officiis explicabo itaque totam temporibus saepe sapiente.,2024-07-02
297,554,4,Tempore qui facilis adipisci occaecati veritatis magni earum vitae sed modi aspernatur.,2025-01-21
298,555,2,Ipsum minima doloribus reiciendis delectus vel.,2024-07-08
299,556,5,Dolorem quaerat debitis voluptatem eaque eius quia quasi totam.,2023-12-31
300,557,4,Minima aperiam dolorem nesciunt neque iure modi.,2025-03-12
301,558,3,Eum odio deserunt blanditiis assumenda deserunt.,2024-02-27
302,560,3,Nihil nisi error ab inventore temporibus quam ipsam odit nihil odio quidem.,2025-07-06
303,561,4,Dolorum illum earum occaecati eveniet laboriosam.,2024-08-29
304,562,2,Veritatis error sint dolorum eius natus est ipsam voluptate.,2025-08-07
305,568,4,Laborum eum voluptate iusto cum aperiam inventore esse.,2024-11-03
306,569,4,Exercitationem porro reprehenderit deserunt autem doloremque esse esse quisquam iusto placeat.,2025-02-15
307,574,2,Distinctio perferendis eum deleniti id cupiditate culpa optio eveniet maiores labore nisi impedit.,2024-12-16
308,577,1,Dolorem ea vel rerum fuga esse quas repudiandae et.,2024-09-16
309,581,3,Incidunt hic impedit quis illo voluptas explicabo rem voluptate.,2025-01-17
310,582,2,Accusantium provident dignissimos quaerat eos fuga eum ratione eveniet.,2024-03-17
311,584,5,Qui reiciendis nulla ipsam earum asperiores cum quam velit nihil veritatis veniam quos.,2023-12-03
312,586,2,Porro tenetur laborum eius non fugiat aut odit eius fuga.,2025-09-08
313,587,4,Beatae consequatur quibusdam eveniet quod impedit corrupti corrupti error.,2025-06-17
314,590,5,Natus ipsa eveniet molestias optio nam repellendus porro.,2023-12-11
315,595,2,Quo architecto ratione quae et sequi temporibus.,2025-07-12
316,598,1,Quibusdam dolor eum dolorem facere dicta voluptas ea nobis ut consequuntur.,2023-11-19
317,599,4,Incidunt rem reiciendis rerum animi voluptatibus fuga natus voluptatum vero sit.,2025-09-12
318,600,5,Ratione laudantium nemo odio quasi natus voluptate quos minus reiciendis.,2024-11-04
