id,matricula_id,data_criacao,data_emissao
5ef9e60c-bd82-461f-a015-578799a51c01,2,2025-10-26 23:47:56.848533,
5f6bb194-945a-49b2-a123-27201405141f,3,2025-10-26 23:47:56.848533,
2cf97a69-a8d4-4460-8bda-d5a54a387b2c,7,2025-10-26 23:47:56.848533,
59203943-3408-4495-b7a7-6dd0f0c2b515,9,2025-10-26 23:47:56.848533,
3d5b3cbd-7fc1-4371-a736-c72617da2633,10,2025-10-26 23:47:56.848533,
d03cbe7f-6a8d-4d61-b84f-9a0541a308cc,15,2025-10-26 23:47:56.848533,
34be856a-99ba-4946-8e7a-4de46a5ca1f9,25,2025-10-26 23:47:56.848533,
199d1b9d-1276-4b4e-8eeb-4aa79b4a00f1,29,2025-10-26 23:47:56.848533,
ec1350ae-4d1f-48b6-bffc-15c26c32f5d5,35,2025-10-26 23:47:56.848533,
c0ce37c2-97dd-4da1-a999-f3f275f86c48,45,2025-10-26 23:47:56.848533,
c49bd465-ddf1-4309-9a88-8f7537c7a350,46,2025-10-26 23:47:56.848533,
823831a7-849c-4b4a-8d4d-0f140648a32b,51,2025-10-26 23:47:56.848533,
aa93007b-dff4-436e-9116-7487d962cd5a,65,2025-10-26 23:47:56.848533,
4addd6d3-4826-4f81-b4db-3fc6ee8309ed,66,2025-10-26 23:47:56.848533,
074a4dda-211f-46fd-a9b5-d6acd79bdd8f,78,2025-10-26 23:47:56.848533,
d0bbae13-6409-468b-8155-b158a923545f,80,2025-10-26 23:47:56.848533,
fc3b1833-1b9d-4c85-85ef-63a7273969f4,87,2025-10-26 23:47:56.848533,
dd0626b4-a852-4a19-b294-bad6f09020c0,97,2025-10-26 23:47:56.848533,
33ee5a5e-f42b-4df4-b106-7f72df2a0abe,106,2025-10-26 23:47:56.848533,
b63dae7a-ec92-41e2-a7bd-ed250f03815f,108,2025-10-26 23:47:56.848533,
40139789-fa5b-4de5-b225-45f6e79052ad,112,2025-10-26 23:47:56.848533,
13626819-f566-4494-97d4-f567086b3180,116,2025-10-26 23:47:56.848533,
f5984e35-7dde-43cc-b5fa-d3cde114a583,117,2025-10-26 23:47:56.848533,
c2372511-cc8b-4dd3-bad1-2eed8f16c7e7,120,2025-10-26 23:47:56.848533,
ba66a72a-804f-4b70-a45e-cd1304c5ead2,133,2025-10-26 23:47:56.848533,
ee2c6b36-3ae9-4a0f-b500-ae40a94ef759,152,2025-10-26 23:47:56.848533,
5249da92-1572-4340-a26b-bd6dc861aa98,159,2025-10-26 23:47:56.848533,
e0e3c125-082b-4064-8692-c480c853ed9b,163,2025-10-26 23:47:56.848533,
c78affac-405b-4158-881c-962497532699,164,2025-10-26 23:47:56.848533,
c31084fa-7cff-4ac0-b6a2-7f0095df52d0,166,2025-10-26 23:47:56.848533,
a53105ce-d755-479d-844f-b1634232b06d,174,2025-10-26 23:47:56.848533,
5b5fe8e3-2277-4b93-b5ed-45f2c1e9e82f,180,2025-10-26 23:47:56.848533,
78b4a3f1-61a4-4dec-ba48-b8db3a1dce00,190,2025-10-26 23:47:56.848533,
42c52d76-07e9-4354-9b3e-c281b0053fe1,200,2025-10-26 23:47:56.848533,
93f40da4-0207-49c7-ae93-c545c8a0997e,213,2025-10-26 23:47:56.848533,
5d0352d7-e352-465c-aa65-db3df335f840,217,2025-10-26 23:47:56.848533,
494314ec-e594-4675-84d4-6ce3407010a0,219,2025-10-26 23:47:56.848533,
d388ae3b-dad9-4e22-a44f-d59a0fdcd903,220,2025-10-26 23:47:56.848533,
8ce8c4dd-cbac-4d23-bdce-da06317dd1c7,225,2025-10-26 23:47:56.848533,
918c3415-1d7b-4bd8-a2b4-8496362d1a59,229,2025-10-26 23:47:56.848533,
c4be8a87-d402-44bb-bbef-17e82a0efd5d,230,2025-10-26 23:47:56.848533,
334572ac-0de4-4c30-9c72-95f71437801d,236,2025-10-26 23:47:56.848533,
20dd17c2-ad9e-46b2-b9ab-bd772c1026de,237,2025-10-26 23:47:56.848533,
7b272b9c-3e2b-4ac1-9b46-6055b4172708,240,2025-10-26 23:47:56.848533,
254cd335-f148-41b6-82a5-4f9b43275c67,242,2025-10-26 23:47:56.848533,
c3cc3150-c5c7-43ad-9cf9-adbc6640e180,248,2025-10-26 23:47:56.848533,
ff785d82-065f-4a5e-931c-2446c1f15a1e,252,2025-10-26 23:47:56.848533,
cf53a891-b36c-44bf-a567-1b81d355a269,253,2025-10-26 23:47:56.848533,
2b7206c1-8ce3-4090-bc9b-0ec6a227c24e,266,2025-10-26 23:47:56.848533,
6ff37343-31c5-4449-a1b0-e16dbd3b77da,273,2025-10-26 23:47:56.848533,
90653209-423e-425a-b030-4946f6e5873d,277,2025-10-26 23:47:56.848533,
5253a484-b64c-4960-a403-d6901a0cc738,278,2025-10-26 23:47:56.848533,
befefde0-6624-439a-a260-9897b57731af,281,2025-10-26 23:47:56.848533,
c9e7d2c7-50f4-49c0-afb2-a916cbdd92f8,282,2025-10-26 23:47:56.848533,
13102a0e-8aeb-42ce-8182-7cd2a5d51e6b,284,2025-10-26 23:47:56.848533,
710de364-cceb-405b-8909-c67bf26fce7c,293,2025-10-26 23:47:56.848533,
d3dacde8-a6c3-448a-9a0e-ee9606cd9d74,318,2025-10-26 23:47:56.848533,
9359f721-3094-4100-9d61-83ee4d359a54,319,2025-10-26 23:47:56.848533,
35eaa933-0778-4f99-b284-7485d945cdc8,322,2025-10-26 23:47:56.848533,
2ce9f973-64aa-45ed-bddd-857e9fd455f4,323,2025-10-26 23:47:56.848533,
a452975d-bd7a-4d03-b0fb-b9471069639b,335,2025-10-26 23:47:56.848533,
0a8c4709-d7be-40fd-bb4f-6d92b01a6c18,344,2025-10-26 23:47:56.848533,
77e7e029-e544-4a11-82be-1244fad5dd2f,347,2025-10-26 23:47:56.848533,
36d3c40b-75da-46b3-a36a-d6fd171c6d14,355,2025-10-26 23:47:56.848533,
1b82800f-6e9d-45f9-bc62-d7c84f5d75e5,356,2025-10-26 23:47:56.848533,
10dfba36-a9e0-4159-a4ad-5a6274468c1d,358,2025-10-26 23:47:56.848533,
c6bda431-8206-4022-b6b3-fdf281396988,364,2025-10-26 23:47:56.848533,
51219948-ff02-41b2-a668-03d0d14d0ac2,368,2025-10-26 23:47:56.848533,
a748dc09-f44e-4ebe-8792-73aec3ce0c5b,372,2025-10-26 23:47:56.848533,
e2277a63-d137-4bb1-8eb9-e4ffcf941e94,375,2025-10-26 23:47:56.848533,
0c162b78-0bbd-4d47-b5d7-ce91e0aed4ec,382,2025-10-26 23:47:56.848533,
1c84b333-154a-4210-9109-597fe0ee2361,392,2025-10-26 23:47:56.848533,
9fad00d8-81cb-44e6-bb4a-62d295916df2,394,2025-10-26 23:47:56.848533,
758ec354-8c16-4ca7-9fc6-08c00d2714ce,400,2025-10-26 23:47:56.848533,
57fd6b03-3722-4d66-81ce-5e30c74e9fbd,401,2025-10-26 23:47:56.848533,
aa86330c-3bbe-47fd-b770-f78765f48b19,412,2025-10-26 23:47:56.848533,
8521b48e-a1cf-4564-aae9-e066d69c0960,430,2025-10-26 23:47:56.848533,
b93dff04-16d0-4a40-b85a-7b597b518190,431,2025-10-26 23:47:56.848533,
0d14bcf3-b479-4d09-8428-90a0f46914d0,435,2025-10-26 23:47:56.848533,
b10b1466-3a4c-42d8-b645-9218bd2bfb0a,448,2025-10-26 23:47:56.848533,
a5fc770f-2acd-43a1-b9b6-57d82e7a7b69,450,2025-10-26 23:47:56.848533,
d41a6781-7056-467c-b6c6-96367d45136d,455,2025-10-26 23:47:56.848533,
d046915a-5e40-4333-a6a2-5dcb6cbc056f,458,2025-10-26 23:47:56.848533,
0f4d73a1-0277-4622-b0cf-63e9b4a0f30d,461,2025-10-26 23:47:56.848533,
ea1b812a-c92f-41e8-88c9-53d69e082e94,462,2025-10-26 23:47:56.848533,
4a9523a6-7d93-48ce-8a01-b4718cbb162d,469,2025-10-26 23:47:56.848533,
7c1f4468-c383-4354-bcf4-020ad5306037,476,2025-10-26 23:47:56.848533,
8d1d0848-823e-46f0-aed7-b460bada2d01,479,2025-10-26 23:47:56.848533,
b229d0c0-f477-493b-833d-423dcfe4fc96,480,2025-10-26 23:47:56.848533,
4a7a991a-5976-4833-8213-453228b75a22,488,2025-10-26 23:47:56.848533,
f66253c2-cde5-4e2e-ac7d-08221a86991c,490,2025-10-26 23:47:56.848533,
3ed01485-a9b8-4c09-af94-34c2c965d0ad,493,2025-10-26 23:47:56.848533,
4f47cefd-57e5-49ef-9ca9-a149867b1855,494,2025-10-26 23:47:56.848533,
269e4e12-05a3-4b2a-b127-bc82ae4f8b2d,496,2025-10-26 23:47:56.848533,
b3c2cd5e-efa6-4d81-b951-94afa9d9e0e2,497,2025-10-26 23:47:56.848533,
42e0b338-7e49-4abe-b466-b2094ecc9d2a,502,2025-10-26 23:47:56.848533,
f1fa9ab2-e8de-4342-81f6-73940f7b7049,503,2025-10-26 23:47:56.848533,
8a6b5d11-a73e-4957-b77b-38693db5f702,505,2025-10-26 23:47:56.848533,
0e16ecda-c4c6-4af3-b205-fe4f70486ed0,519,2025-10-26 23:47:56.848533,
d238a66a-bf1c-4763-8228-1d2c12cf2838,522,2025-10-26 23:47:56.848533,
e4d989c7-954f-4be4-8556-373f4dad3c3f,528,2025-10-26 23:47:56.848533,
27e97225-1d51-4006-b90a-621591b8f5a8,530,2025-10-26 23:47:56.848533,
79a20ed8-57c7-4e89-8054-1ebba5bacb73,547,2025-10-26 23:47:56.848533,
c3facec4-5dbe-4e47-bf9b-eddfbef27a57,561,2025-10-26 23:47:56.848533,
9b776c4b-8125-44ee-a629-34f3522e82df,567,2025-10-26 23:47:56.848533,
d1e2c451-a8b0-43ad-82e3-3763595a67fb,569,2025-10-26 23:47:56.848533,
d5d452b8-ca18-4837-b837-ce87b31b5706,570,2025-10-26 23:47:56.848533,
8a7ebcb0-8c24-4a26-ba16-6e47a4e34fee,575,2025-10-26 23:47:56.848533,
d9c96b35-fa93-41c2-a3ca-eef3ae0d5abd,583,2025-10-26 23:47:56.848533,
a283b055-df88-4667-9cec-4eeb4ffa3bd8,588,2025-10-26 23:47:56.848533,
da58585e-5b48-4741-90bc-11d290dfc3fd,591,2025-10-26 23:47:56.848533,
