id,curso_id,titulo,ordem,descricao
1,1,Módulo 1,1,Accusantium nesciunt totam quo sed similique.
2,1,Módulo 2,2,Fuga velit hic aut error consequatur.
3,1,Módulo 3,3,Quasi ipsa odit laborum et provident natus suscipit.
4,1,Módulo 4,4,Ratione dolore nihil cupiditate esse porro consectetur quas veniam veniam hic voluptatibus vitae.
5,1,Módulo 5,5,Delectus et repellat nostrum odit aut.
6,2,Módulo 1,1,Consequuntur quia dolores voluptatem cumque suscipit at quae odit suscipit ipsum eaque.
7,2,Módulo 2,2,Possimus expedita ratione quam aliquid ipsa in cumque impedit.
8,2,Módulo 3,3,Expedita fugiat repudiandae ratione neque quis dolorem iste reiciendis alias.
9,2,Módulo 4,4,Eum veritatis asperiores cumque fugiat quasi.
10,2,Módulo 5,5,Velit voluptatem excepturi voluptates tempora provident inventore officiis non ipsa amet ex voluptate.
11,2,Módulo 6,6,Possimus quam quas eaque eligendi dolores amet nemo saepe corrupti facere.
12,3,Módulo 1,1,Assumenda reprehenderit numquam laboriosam atque dignissimos odit voluptate labore blanditiis quos.
13,3,Módulo 2,2,Laudantium optio at molestias delectus suscipit fuga ipsum ea iure dolorem eaque.
14,3,Módulo 3,3,Corrupti possimus atque pariatur repellat impedit.
15,3,Módulo 4,4,Dolorem aperiam harum minima vitae porro vel nemo doloremque error hic sequi alias.
16,3,Módulo 5,5,Tempore reiciendis perspiciatis nulla blanditiis quidem cupiditate voluptates voluptas repellat commodi incidunt voluptates.
17,3,Módulo 6,6,Dicta reprehenderit corporis nisi eum quas rem assumenda nam mollitia sequi.
18,3,Módulo 7,7,Itaque sit ratione numquam minima in impedit corporis nihil quis velit unde.
19,4,Módulo 1,1,Quod ratione sint sunt soluta eaque omnis nemo labore cupiditate illo nulla perspiciatis.
20,4,Módulo 2,2,Aliquam suscipit ex dolores quia ullam tempore accusantium repellendus esse eligendi.
21,4,Módulo 3,3,Similique placeat voluptas dolorem error quia quo eum quas non at ipsam.
22,4,Módulo 4,4,Qui quis sint reprehenderit maiores culpa est magni consequatur sed sunt.
23,4,Módulo 5,5,Cupiditate soluta dicta animi alias amet.
24,5,Módulo 1,1,Provident earum reprehenderit magnam odio commodi adipisci fuga nisi debitis.
25,5,Módulo 2,2,Nesciunt expedita cum tempora quibusdam porro eligendi harum cum nemo vitae sequi.
26,5,Módulo 3,3,Perspiciatis eaque illum accusantium quos quisquam ab tenetur.
27,5,Módulo 4,4,Nobis ab dolorum rem esse vitae odit incidunt.
28,5,Módulo 5,5,Sed itaque dolor error maxime numquam nesciunt ab voluptatum vitae.
29,5,Módulo 6,6,Natus nisi eligendi placeat laboriosam excepturi eius eveniet eius omnis.
30,5,Módulo 7,7,Deleniti maxime dolores animi similique repellat illo eum consequuntur.
31,5,Módulo 8,8,Omnis voluptatum ea in harum alias.
32,6,Módulo 1,1,Repellendus exercitationem quae placeat odit labore velit facere error cumque omnis nam eos.
33,6,Módulo 2,2,Consectetur ea repellat quis delectus perspiciatis excepturi at explicabo quia esse ratione.
34,6,Módulo 3,3,Fuga nesciunt iure blanditiis amet odio neque nulla iusto deserunt.
35,6,Módulo 4,4,Sint fugit error amet sequi consequuntur dicta.
36,6,Módulo 5,5,Voluptates tempora voluptates corporis similique debitis aspernatur ex voluptates et animi.
37,6,Módulo 6,6,Earum quis cumque quisquam laudantium quis at nostrum odio illo vitae.
38,6,Módulo 7,7,A modi quas veniam tempora quidem minus accusantium a quasi.
39,6,Módulo 8,8,Possimus exercitationem consectetur fugit nihil cumque reprehenderit error.
40,7,Módulo 1,1,Iste maxime minima inventore placeat consequatur voluptatum laudantium quibusdam.
41,7,Módulo 2,2,Veniam ullam illo dolorem quas consectetur quasi nihil.
42,7,Módulo 3,3,Commodi quae recusandae fugiat odit quo numquam nisi.
43,7,Módulo 4,4,Optio officiis accusantium porro impedit fugit.
44,7,Módulo 5,5,Dolorum praesentium dignissimos placeat ab in aut maxime numquam praesentium in tempore maiores.
45,7,Módulo 6,6,Blanditiis beatae autem dicta dicta ea minima dicta provident eos aliquam libero dignissimos.
46,7,Módulo 7,7,Ex a perferendis tenetur saepe pariatur corrupti at maiores quam aut ducimus.
47,8,Módulo 1,1,Itaque voluptate eaque amet repellat soluta sequi facere.
48,8,Módulo 2,2,Incidunt blanditiis sed tempora ab consequuntur officia eveniet tempora veritatis.
49,8,Módulo 3,3,Soluta at repellendus delectus id vitae earum harum sed.
50,8,Módulo 4,4,Officiis reiciendis beatae possimus animi velit cum impedit nihil rem perspiciatis.
51,8,Módulo 5,5,Nostrum quod nostrum similique sunt quas tempora laboriosam.
52,8,Módulo 6,6,Beatae illum aliquid ea et provident perspiciatis quisquam nemo natus voluptate pariatur.
53,9,Módulo 1,1,Maxime porro nulla inventore quas laboriosam optio odit corrupti repudiandae.
54,9,Módulo 2,2,Amet officia culpa sed sequi sit asperiores laudantium dolores voluptas amet dolore officia.
55,9,Módulo 3,3,Repellendus aspernatur ipsam nemo at libero et voluptatem quia accusantium illo.
56,9,Módulo 4,4,Nam a at nobis nulla esse.
57,9,Módulo 5,5,Natus omnis itaque exercitationem repudiandae repellendus sapiente ex quisquam nobis quaerat facilis.
58,9,Módulo 6,6,Beatae quis dolore exercitationem rerum vitae eos minima praesentium aliquid cum.
59,10,Módulo 1,1,Reprehenderit quia illum ducimus deserunt blanditiis sequi.
60,10,Módulo 2,2,Itaque quos quaerat autem impedit unde saepe nihil.
61,10,Módulo 3,3,Itaque nihil magnam vitae a quasi mollitia inventore nesciunt unde quos.
62,10,Módulo 4,4,Porro cupiditate repellendus aut omnis non eum sunt.
63,10,Módulo 5,5,Voluptatem totam quis earum vitae voluptas iste consequatur impedit praesentium quibusdam.
64,10,Módulo 6,6,Sapiente molestias et qui mollitia dolor distinctio quaerat placeat.
65,11,Módulo 1,1,Voluptatem officiis vero magnam possimus eum blanditiis.
66,11,Módulo 2,2,Natus nesciunt velit quae perferendis tempora modi soluta in accusamus.
67,11,Módulo 3,3,Ad corporis pariatur dicta quibusdam cum enim.
68,11,Módulo 4,4,Corporis aperiam quos dignissimos molestiae facere iste nulla perferendis.
69,11,Módulo 5,5,Sint quia natus dolores quos reiciendis enim optio unde harum vero voluptate est.
70,11,Módulo 6,6,Amet quia dicta sit similique ipsam dolorem odio quae facilis nihil qui deserunt.
71,11,Módulo 7,7,Eos debitis placeat deleniti cupiditate maiores fugiat incidunt.
72,11,Módulo 8,8,Eaque cum sapiente ab iure vel aliquam ut nisi quo numquam sapiente error.
73,12,Módulo 1,1,Mollitia asperiores provident minima vero maxime ratione cum molestiae illo expedita sunt optio.
74,12,Módulo 2,2,Facere dolor quibusdam minus voluptatum reprehenderit voluptatem ab pariatur ipsum.
75,12,Módulo 3,3,Ullam doloribus aliquam suscipit fugit recusandae beatae ducimus quam ad maxime quo maiores.
76,12,Módulo 4,4,Ipsum aliquam tempore deserunt maiores veniam cumque vero modi ab aperiam perferendis.
77,12,Módulo 5,5,Sint incidunt aut modi praesentium voluptate quod officia.
78,13,Módulo 1,1,Quia corrupti itaque ex assumenda amet.
79,13,Módulo 2,2,Nam nemo dolorem ea harum occaecati inventore accusantium perferendis.
80,13,Módulo 3,3,Ab quam aperiam quia aliquid sed facere magnam enim placeat non eligendi.
81,13,Módulo 4,4,Fugit reprehenderit adipisci culpa dolore quia reiciendis sed eos odio error.
82,13,Módulo 5,5,Vero accusamus soluta consequuntur aliquam nemo hic molestias assumenda distinctio.
83,14,Módulo 1,1,Distinctio temporibus sed consequuntur delectus nulla dolorum beatae perferendis necessitatibus.
84,14,Módulo 2,2,Sed ut voluptatibus itaque mollitia enim.
85,14,Módulo 3,3,Dolorum deserunt neque veritatis explicabo perferendis.
86,14,Módulo 4,4,Aut nulla tempore et iste nulla esse nesciunt natus.
87,14,Módulo 5,5,Repellat vero cumque et quos quae odit eius facere perspiciatis.
88,14,Módulo 6,6,Soluta iure facere esse mollitia cupiditate non sapiente similique consequuntur.
89,15,Módulo 1,1,Deserunt quasi occaecati quas tempora sed occaecati repellat neque quisquam distinctio alias.
90,15,Módulo 2,2,Molestiae voluptatum iusto quod facilis dolore quo quasi enim.
91,15,Módulo 3,3,Magnam at facilis ab dolores vitae voluptatem placeat quidem consequuntur culpa.
92,15,Módulo 4,4,Veniam optio voluptas quasi laboriosam facere dolor laborum aperiam fuga aliquam dignissimos tenetur.
93,15,Módulo 5,5,Harum ullam sunt aliquam officiis aut voluptas odio earum quia.
94,15,Módulo 6,6,Molestias cupiditate officiis facilis officiis saepe maxime fugiat tenetur maiores explicabo sint laborum.
95,15,Módulo 7,7,Suscipit ab sunt ipsam dolorem maiores eligendi corrupti culpa nobis repellendus optio.
96,16,Módulo 1,1,Repellat quam laboriosam laboriosam distinctio cum rerum ad aliquam nemo cum.
97,16,Módulo 2,2,Maiores tempora corporis cumque ullam maxime illo voluptas odit soluta quas reprehenderit veniam dolor.
98,16,Módulo 3,3,Voluptatibus sint cupiditate rerum nobis recusandae reprehenderit delectus optio eaque quam exercitationem iste.
99,16,Módulo 4,4,Architecto fugiat consequatur accusantium minima tenetur placeat repudiandae non debitis temporibus nobis soluta.
100,16,Módulo 5,5,Magnam blanditiis laboriosam consectetur nobis repudiandae tempore quod officiis minima fuga aliquam.
101,16,Módulo 6,6,Inventore vel laboriosam quisquam expedita rem tenetur saepe nemo incidunt ducimus quisquam.
102,17,Módulo 1,1,Eligendi soluta illum deleniti quae ratione neque.
103,17,Módulo 2,2,Maxime fugiat dignissimos rem illum autem incidunt.
104,17,Módulo 3,3,Ducimus sequi incidunt facilis eius perspiciatis quidem impedit quos laboriosam fuga mollitia ducimus.
105,17,Módulo 4,4,Neque quo id consequuntur sint blanditiis dolorem quos veniam.
106,17,Módulo 5,5,Dolor id excepturi mollitia possimus provident cum.
107,17,Módulo 6,6,Rem reprehenderit iusto nobis at ea.
108,18,Módulo 1,1,Aspernatur alias fugit voluptates nostrum maxime quae nisi veniam reprehenderit.
109,18,Módulo 2,2,Ipsa dicta omnis rem enim alias nobis maiores doloremque cumque alias dolores.
110,18,Módulo 3,3,Voluptate assumenda eius id pariatur illo.
111,18,Módulo 4,4,Maxime qui architecto at eligendi rerum totam expedita.
112,18,Módulo 5,5,Dolorem vitae iste illo a cupiditate magni nam magnam.
113,18,Módulo 6,6,Veniam rem vero soluta repellat nemo possimus vitae natus quo.
114,18,Módulo 7,7,Vero itaque itaque nesciunt ad blanditiis architecto odio voluptatibus perspiciatis.
115,19,Módulo 1,1,Reiciendis impedit explicabo modi praesentium ea enim id.
116,19,Módulo 2,2,Asperiores ut labore explicabo tempora eaque veniam placeat tenetur libero.
117,19,Módulo 3,3,Doloremque doloribus eaque dolorem rerum saepe explicabo quod.
118,19,Módulo 4,4,Ullam perferendis optio nostrum quisquam molestiae aliquam.
119,19,Módulo 5,5,Fuga et tempore sunt nemo eius delectus quisquam maiores id quibusdam consectetur.
120,19,Módulo 6,6,Reiciendis laboriosam molestiae magnam hic placeat cupiditate voluptate praesentium itaque porro accusamus.
121,20,Módulo 1,1,Fugit aut facere similique deleniti ea earum vero.
122,20,Módulo 2,2,Facilis libero distinctio praesentium fuga sequi eius debitis consectetur nemo.
123,20,Módulo 3,3,Repellendus quam rem nam sequi deserunt reiciendis qui.
124,20,Módulo 4,4,Rem debitis libero voluptatum sed maxime quam quos error natus necessitatibus id.
125,20,Módulo 5,5,Animi repellendus labore occaecati ipsum ex facere nam.
126,20,Módulo 6,6,Exercitationem illum expedita perspiciatis non nemo officiis modi voluptatem.
127,20,Módulo 7,7,Explicabo perferendis laborum qui suscipit fugit enim occaecati corporis.
128,21,Módulo 1,1,Odit unde in nostrum illo tenetur aspernatur exercitationem.
129,21,Módulo 2,2,Et eos eaque officia earum ipsam sint facilis nesciunt vitae.
130,21,Módulo 3,3,Cumque sequi commodi doloremque dolorum quia quibusdam distinctio id atque vel.
131,21,Módulo 4,4,Molestias ad id quisquam assumenda ea culpa omnis suscipit est dolorum eligendi.
132,21,Módulo 5,5,Consectetur minima cupiditate alias explicabo totam sint iusto sit vel molestias consequatur veniam molestiae.
133,21,Módulo 6,6,Nisi occaecati odio natus minima odit est expedita molestiae rem ipsam facilis ea.
134,21,Módulo 7,7,Ab minima quis consequatur enim modi porro laudantium quidem.
135,22,Módulo 1,1,Ab inventore eos doloremque ab fugiat illum natus hic.
136,22,Módulo 2,2,Quaerat officia repudiandae dolore aspernatur numquam maxime reiciendis.
137,22,Módulo 3,3,Rem placeat eligendi quia repellat impedit sequi delectus enim odio nulla earum numquam.
138,22,Módulo 4,4,Eum corrupti voluptas ad voluptas eligendi commodi ipsa.
139,22,Módulo 5,5,Doloremque corrupti laudantium exercitationem est reiciendis.
140,23,Módulo 1,1,Iure recusandae ex sapiente veritatis animi quod architecto iusto deleniti.
141,23,Módulo 2,2,Repellendus repudiandae commodi quisquam dolorum quo ipsam qui alias.
142,23,Módulo 3,3,Quasi atque pariatur dignissimos harum vero vel culpa quas quia mollitia.
143,23,Módulo 4,4,Ducimus odit dicta suscipit sint dolor beatae.
144,23,Módulo 5,5,Eveniet cumque eius blanditiis ratione ab aliquam quos labore nisi fuga.
145,23,Módulo 6,6,Dolorum libero placeat excepturi voluptas quis animi.
146,23,Módulo 7,7,Officia praesentium recusandae commodi doloremque voluptatem ratione quidem rem ipsa.
147,24,Módulo 1,1,Accusantium fugiat quam dolorum aliquam provident nam molestiae.
148,24,Módulo 2,2,Deleniti delectus expedita quasi eius rerum totam mollitia architecto culpa eos ea.
149,24,Módulo 3,3,Iste quod magni quasi sunt nulla facilis nulla eum aperiam.
150,24,Módulo 4,4,Reprehenderit deleniti placeat quisquam culpa eligendi illum eum atque omnis aliquam vel.
151,24,Módulo 5,5,Sit dicta laborum atque necessitatibus saepe omnis minima.
152,24,Módulo 6,6,Ducimus facilis non architecto ut dignissimos laudantium suscipit aspernatur reiciendis aperiam nam vel.
153,25,Módulo 1,1,Reprehenderit recusandae animi nulla minus quasi rerum aspernatur dolor maxime aut.
154,25,Módulo 2,2,Minus deleniti minima dolorum numquam debitis quibusdam impedit.
155,25,Módulo 3,3,Quisquam nemo perferendis praesentium incidunt aut recusandae.
156,25,Módulo 4,4,Illo excepturi culpa voluptatum ipsam explicabo et voluptatibus eveniet fuga quisquam inventore quas.
157,25,Módulo 5,5,Dolores molestias fugiat mollitia quia facere iste vero a alias eligendi accusamus consequatur.
158,25,Módulo 6,6,Ab voluptates dolor et quo velit reprehenderit ullam maiores.
159,25,Módulo 7,7,Unde culpa alias explicabo consequuntur facilis neque doloremque repellat at id ullam quasi.
160,26,Módulo 1,1,Recusandae cupiditate repudiandae porro nemo tenetur nisi error quasi nemo.
161,26,Módulo 2,2,Quod ullam ex sunt ipsa ut blanditiis.
162,26,Módulo 3,3,Quibusdam sed ut odio odio amet minima eum.
163,26,Módulo 4,4,Corrupti magnam dolore amet quasi hic ipsum nisi magnam dolore enim hic consequatur.
164,26,Módulo 5,5,Labore quia molestias ea id ipsa praesentium.
165,26,Módulo 6,6,Laboriosam dicta hic necessitatibus natus voluptatum minima.
166,27,Módulo 1,1,Asperiores quod eum unde at perferendis incidunt expedita eum.
167,27,Módulo 2,2,Omnis quo cumque expedita reprehenderit rem numquam ipsam unde doloremque placeat culpa quas.
168,27,Módulo 3,3,Beatae amet veniam unde sit reprehenderit accusamus.
169,27,Módulo 4,4,Esse iusto ex qui distinctio molestias quibusdam.
170,27,Módulo 5,5,Laboriosam quas consequuntur praesentium accusantium nesciunt optio aliquam cumque eligendi ratione nulla amet.
171,27,Módulo 6,6,Architecto optio optio totam facere autem.
172,27,Módulo 7,7,Sint officiis doloremque fugit voluptate aut et sint minus.
173,28,Módulo 1,1,Dicta vitae natus quae aliquam ullam esse laudantium.
174,28,Módulo 2,2,Accusantium placeat explicabo esse voluptatum voluptatem eius aperiam.
175,28,Módulo 3,3,Soluta tempora repellendus adipisci mollitia eius corrupti tempore omnis.
176,28,Módulo 4,4,Quas maxime perspiciatis sit placeat impedit nemo.
177,28,Módulo 5,5,Voluptas tenetur eveniet molestiae dignissimos consequuntur molestiae reiciendis similique est provident.
178,29,Módulo 1,1,Tenetur inventore tenetur quo omnis natus culpa architecto minus quaerat delectus saepe.
179,29,Módulo 2,2,Quas quisquam sunt impedit illum ipsam ut.
180,29,Módulo 3,3,Corrupti deleniti consectetur ad voluptates nulla non nostrum nisi.
181,29,Módulo 4,4,Porro facere porro labore magnam non quae fugiat.
182,29,Módulo 5,5,Laudantium consequuntur deserunt adipisci quisquam accusamus earum impedit quia voluptates.
183,29,Módulo 6,6,Architecto unde voluptates sint laudantium eveniet itaque doloribus.
184,30,Módulo 1,1,Quod non repudiandae quam hic vel nemo modi odit provident aliquam.
185,30,Módulo 2,2,Iste repudiandae aliquam voluptatum maxime id quasi.
186,30,Módulo 3,3,Harum quisquam vitae deleniti ipsa sunt quo enim cumque eos ullam porro temporibus.
187,30,Módulo 4,4,Rerum iste quam beatae quod vel possimus consequatur impedit iste debitis.
188,30,Módulo 5,5,Tempore tempore sunt at eum officiis quae cum quasi at provident odio assumenda.
189,30,Módulo 6,6,Quas voluptate nostrum cum mollitia aliquam cupiditate excepturi sit sint.
190,31,Módulo 1,1,Sit debitis quae in est quisquam ipsum occaecati.
191,31,Módulo 2,2,Tempore vero a quisquam accusamus libero libero.
192,31,Módulo 3,3,Non laudantium dolor optio iste ipsam.
193,31,Módulo 4,4,Nobis doloribus molestias nulla nam repudiandae aliquid corporis officiis alias sequi pariatur saepe.
194,31,Módulo 5,5,Ex assumenda autem voluptatibus cum eligendi optio praesentium nemo.
195,31,Módulo 6,6,Debitis iste neque ut at error fuga fugiat architecto incidunt mollitia eos consequatur.
196,32,Módulo 1,1,Eveniet impedit distinctio distinctio animi necessitatibus voluptatem minus assumenda.
197,32,Módulo 2,2,Ut voluptates enim non et minima voluptatum explicabo consectetur natus maxime occaecati laudantium.
198,32,Módulo 3,3,Sunt doloremque enim deserunt blanditiis iure reiciendis qui.
199,32,Módulo 4,4,Reiciendis voluptatum impedit ex nam odit accusamus dicta.
200,32,Módulo 5,5,Ducimus architecto error mollitia quisquam beatae ex id necessitatibus.
201,32,Módulo 6,6,Rerum deserunt rerum ullam laboriosam labore.
202,32,Módulo 7,7,Officia laboriosam occaecati tempora modi ex.
203,33,Módulo 1,1,Unde animi maxime natus perspiciatis nam accusantium neque ex totam recusandae.
204,33,Módulo 2,2,Voluptas eligendi adipisci voluptates occaecati sapiente.
205,33,Módulo 3,3,Non deleniti blanditiis quos est similique quae earum assumenda soluta fuga repudiandae esse.
206,33,Módulo 4,4,Esse beatae quos quod totam ipsam ad laboriosam magnam deleniti unde quasi.
207,33,Módulo 5,5,Est eveniet quo atque voluptatem maiores voluptatibus dignissimos alias harum sint blanditiis.
208,34,Módulo 1,1,Ut porro nisi assumenda iure aliquid maxime omnis est.
209,34,Módulo 2,2,Quis odit distinctio dicta enim minus quo perferendis earum culpa beatae vero nam.
210,34,Módulo 3,3,Dignissimos expedita et consequuntur provident eligendi doloribus.
211,34,Módulo 4,4,Est tempora molestiae amet adipisci temporibus.
212,34,Módulo 5,5,Autem amet incidunt debitis nisi nihil.
213,35,Módulo 1,1,Nulla est repellendus quae perferendis modi voluptate quidem iure consectetur repellat.
214,35,Módulo 2,2,Atque est officia quisquam iusto veniam corporis tempore ducimus facilis delectus.
215,35,Módulo 3,3,Ratione sunt iste adipisci labore expedita itaque cupiditate quisquam non.
216,35,Módulo 4,4,Magni illo quae autem nam architecto error.
217,35,Módulo 5,5,Id impedit nulla molestias voluptate fugit exercitationem repellendus nihil quos ipsa.
218,36,Módulo 1,1,Molestias doloremque optio aspernatur ut nemo laborum nihil iure nam.
219,36,Módulo 2,2,Debitis veritatis architecto autem repellendus quo fugiat laudantium optio at repellendus.
220,36,Módulo 3,3,Temporibus odio a corporis corrupti minus harum neque deserunt placeat et necessitatibus totam.
221,36,Módulo 4,4,Ullam vel quaerat totam voluptatibus nesciunt nostrum magni sed.
222,36,Módulo 5,5,Aperiam tempore voluptas a nam voluptatem autem eligendi adipisci.
223,37,Módulo 1,1,Praesentium hic et fugit fugit molestias optio labore deleniti fugit unde.
224,37,Módulo 2,2,Culpa voluptatum pariatur consequatur asperiores accusamus quam laborum ipsa voluptatibus assumenda.
225,37,Módulo 3,3,Similique tempora possimus ut numquam iste incidunt reprehenderit harum dolorem incidunt.
226,37,Módulo 4,4,Neque sed dolores magnam illum molestias.
227,37,Módulo 5,5,Alias alias laboriosam fuga neque vitae aspernatur quas minima similique.
228,37,Módulo 6,6,Iure aspernatur suscipit at iusto qui vero aspernatur odio.
229,37,Módulo 7,7,Est amet exercitationem quod iusto maiores iusto quasi in vero reiciendis enim alias.
230,38,Módulo 1,1,Quibusdam quas natus aperiam labore cumque amet voluptatibus repellat numquam enim assumenda magni.
231,38,Módulo 2,2,Dolorum nulla eius ducimus qui nobis tenetur qui omnis.
232,38,Módulo 3,3,Repellat ea praesentium laborum reiciendis similique exercitationem assumenda corporis ut.
233,38,Módulo 4,4,Saepe quidem impedit fugit optio quas cumque.
234,38,Módulo 5,5,Quasi exercitationem odit quidem blanditiis cumque id error quia quibusdam minus fugit provident.
235,38,Módulo 6,6,Ea minus ipsa enim reiciendis fugit et minus veritatis atque minus explicabo.
236,39,Módulo 1,1,Nostrum officiis earum earum rem ducimus nesciunt itaque perferendis doloribus perferendis.
237,39,Módulo 2,2,Maxime perspiciatis voluptatibus et ab ab architecto illum.
238,39,Módulo 3,3,Aut ipsum dolor eligendi deserunt ad at vel omnis saepe veniam odit.
239,39,Módulo 4,4,Assumenda non fugiat quisquam officia rem delectus.
240,39,Módulo 5,5,Possimus ducimus iure vel odit ullam eius.
241,39,Módulo 6,6,Porro pariatur quo ducimus quos eius aperiam harum voluptatum ducimus repellat.
242,39,Módulo 7,7,Ipsam laudantium ut nostrum debitis laudantium corporis quisquam.
243,39,Módulo 8,8,Nostrum autem ipsam ea alias architecto quas quod.
244,40,Módulo 1,1,Tempore corrupti odit ut optio eaque.
245,40,Módulo 2,2,Temporibus nemo maiores velit laudantium ipsa sapiente quos quos molestiae.
246,40,Módulo 3,3,Fugit porro quod commodi modi voluptatibus.
247,40,Módulo 4,4,Placeat id odio vero at modi vero aspernatur itaque quisquam.
248,40,Módulo 5,5,Debitis aliquam fugit deleniti possimus tempore occaecati facere.
249,41,Módulo 1,1,Suscipit ipsa deleniti alias ad voluptatum dolores.
250,41,Módulo 2,2,Aperiam molestiae est modi rerum ipsum voluptatum alias animi ratione.
251,41,Módulo 3,3,Illo distinctio omnis minima velit sit.
252,41,Módulo 4,4,Corrupti neque unde alias consequuntur officiis iusto ullam aliquid praesentium consectetur cupiditate.
253,41,Módulo 5,5,Temporibus reprehenderit atque nostrum saepe aperiam.
254,41,Módulo 6,6,Beatae nisi nulla aperiam dicta excepturi saepe.
255,41,Módulo 7,7,Eveniet voluptate nemo consequatur saepe recusandae quisquam nihil excepturi blanditiis consequuntur.
256,41,Módulo 8,8,Cumque fuga cumque doloribus neque consequatur ratione odio fugiat culpa sunt.
257,42,Módulo 1,1,Ab debitis at officiis suscipit impedit rem.
258,42,Módulo 2,2,Possimus dignissimos odit minima illum vel nostrum alias debitis libero veniam occaecati.
259,42,Módulo 3,3,Expedita a doloremque blanditiis minus atque facere quis molestiae.
260,42,Módulo 4,4,Iure occaecati dignissimos amet beatae corrupti sapiente tenetur.
261,42,Módulo 5,5,Debitis pariatur aliquam officia eligendi ipsa ex rem quis aliquam qui unde.
262,42,Módulo 6,6,Culpa adipisci maiores architecto doloremque ipsam neque in.
263,42,Módulo 7,7,Dolorem beatae dolorem dolores impedit dicta tempora asperiores nesciunt amet.
264,43,Módulo 1,1,Corporis unde iste harum consequatur quam odio voluptate dicta consectetur porro.
265,43,Módulo 2,2,Eligendi beatae iure in quis dolore.
266,43,Módulo 3,3,Nobis ratione odit nostrum cumque voluptas sequi assumenda sequi.
267,43,Módulo 4,4,Similique dolor labore iure accusamus incidunt sit dolorum ipsa dolore unde veniam.
268,43,Módulo 5,5,Tempore in aliquid voluptatibus quasi magnam incidunt hic repellat possimus atque libero assumenda.
269,43,Módulo 6,6,Possimus illum dolor facere dolores voluptatum.
270,43,Módulo 7,7,Laboriosam esse provident similique quibusdam ad.
271,44,Módulo 1,1,Iure consequuntur praesentium delectus sit occaecati provident a occaecati harum porro.
272,44,Módulo 2,2,Adipisci incidunt earum veniam molestiae recusandae ratione aspernatur sunt quasi amet veniam.
273,44,Módulo 3,3,Suscipit beatae facilis nulla facilis cupiditate nam architecto quae dignissimos.
274,44,Módulo 4,4,Dolores beatae laboriosam vel neque vero distinctio quia dolorem explicabo.
275,44,Módulo 5,5,Magnam in amet fuga iste magnam repudiandae iusto minus.
276,44,Módulo 6,6,Tempore iste fuga perferendis possimus voluptatem sunt deleniti sunt assumenda hic debitis.
277,44,Módulo 7,7,Autem eius possimus libero soluta maxime.
278,44,Módulo 8,8,Ad impedit placeat ut labore in qui accusantium deleniti ad reiciendis rerum maxime excepturi.
279,45,Módulo 1,1,Exercitationem officia eveniet nihil possimus sapiente ipsum esse consequatur ratione cupiditate ea laborum.
280,45,Módulo 2,2,Quo aliquid explicabo iste cumque unde quae eligendi voluptate.
281,45,Módulo 3,3,Cum blanditiis voluptatibus nemo ipsam fuga dignissimos.
282,45,Módulo 4,4,Pariatur voluptatem corporis ipsum voluptate modi.
283,45,Módulo 5,5,Ullam illo libero corporis itaque eum a.
284,45,Módulo 6,6,Voluptate ex provident labore enim velit voluptatem nemo corporis natus tenetur ipsam.
285,46,Módulo 1,1,Quasi tempore consequuntur mollitia est illo sapiente.
286,46,Módulo 2,2,Facere eveniet non deserunt minima quos quisquam deserunt assumenda sed perspiciatis.
287,46,Módulo 3,3,Voluptate hic laudantium nobis maiores animi pariatur.
288,46,Módulo 4,4,Corporis sequi fuga fuga eligendi expedita voluptate soluta assumenda quas ipsam.
289,46,Módulo 5,5,Rem enim rem voluptas incidunt tempore consequuntur nesciunt assumenda dignissimos labore.
290,46,Módulo 6,6,Voluptates architecto vero quidem at illum totam impedit nam quae quidem consequatur.
291,46,Módulo 7,7,Rerum enim laudantium reprehenderit error nesciunt laudantium qui.
292,46,Módulo 8,8,Ad a ea veritatis rerum labore officiis tempora.
293,47,Módulo 1,1,Debitis tenetur officia adipisci quisquam laudantium voluptas nisi facere laboriosam ipsa.
294,47,Módulo 2,2,Occaecati labore possimus blanditiis maiores nemo sapiente cum animi.
295,47,Módulo 3,3,Itaque possimus facere amet facere odio veritatis aliquid eos odit.
296,47,Módulo 4,4,Maiores quisquam delectus atque quibusdam molestiae.
297,47,Módulo 5,5,Repudiandae placeat error placeat porro atque neque reprehenderit accusamus maxime.
298,47,Módulo 6,6,Quod illum ullam cum dolor magnam rerum recusandae nam porro.
299,47,Módulo 7,7,Sapiente quae praesentium rem impedit totam blanditiis consectetur accusantium expedita porro consequuntur.
300,48,Módulo 1,1,Suscipit nisi quis exercitationem quae adipisci repellendus dolore sequi consequuntur dolorem.
301,48,Módulo 2,2,Distinctio voluptatem incidunt quis beatae accusantium laborum.
302,48,Módulo 3,3,Aliquam autem recusandae maiores animi blanditiis ducimus architecto pariatur quidem quos.
303,48,Módulo 4,4,Dignissimos temporibus delectus expedita at sapiente velit veniam expedita cum magnam quas doloribus.
304,48,Módulo 5,5,Architecto reprehenderit quis minus quaerat vitae cupiditate quidem a quas unde ullam sed.
305,48,Módulo 6,6,Facilis nihil ipsam vero debitis explicabo fugit distinctio dolorem beatae voluptates commodi.
306,48,Módulo 7,7,Maxime libero facere enim quam aspernatur laudantium.
307,48,Módulo 8,8,Eligendi nobis est voluptate ipsam mollitia enim sequi deleniti architecto.
308,49,Módulo 1,1,Vel facilis accusamus perferendis perferendis id minima perspiciatis blanditiis hic possimus voluptate.
309,49,Módulo 2,2,Aperiam voluptate excepturi nisi voluptatibus commodi saepe quam.
310,49,Módulo 3,3,Quisquam quisquam nisi quidem reiciendis velit explicabo pariatur veniam.
311,49,Módulo 4,4,Maiores corporis iste commodi laudantium doloremque velit adipisci qui rerum libero ad.
312,49,Módulo 5,5,Fugit perspiciatis corrupti numquam atque asperiores quibusdam quisquam.
313,50,Módulo 1,1,Dicta optio laudantium ea exercitationem similique molestias veritatis adipisci inventore totam.
314,50,Módulo 2,2,Ipsum sequi ipsam alias debitis optio quod suscipit cum inventore.
315,50,Módulo 3,3,Quaerat laborum autem perferendis optio placeat nemo labore sequi.
316,50,Módulo 4,4,Animi ea nihil fugiat perspiciatis quisquam eligendi aperiam nihil consectetur facilis repellat.
317,50,Módulo 5,5,Ad tempora exercitationem atque exercitationem facere expedita optio dolorum officia nihil tenetur aperiam.
318,51,Módulo 1,1,Beatae cumque modi alias omnis in maiores in accusantium.
319,51,Módulo 2,2,Nihil voluptates fugiat hic nemo repellat aut perferendis excepturi magnam quisquam excepturi.
320,51,Módulo 3,3,Error voluptas dicta odio voluptate asperiores sed distinctio eaque error nemo rem numquam.
321,51,Módulo 4,4,Quaerat neque nihil earum necessitatibus minus incidunt.
322,51,Módulo 5,5,Recusandae officiis error rem inventore molestiae dicta illo numquam iste.
323,51,Módulo 6,6,Debitis accusantium provident sint nemo distinctio vitae quia iusto vel minus nostrum quisquam.
324,52,Módulo 1,1,Vel quas animi dicta iure dolores quia quisquam sapiente illum similique.
325,52,Módulo 2,2,Odio sapiente eaque enim cum porro.
326,52,Módulo 3,3,Illo beatae deleniti doloribus repudiandae iure nam ipsa officia.
327,52,Módulo 4,4,Dicta earum adipisci ratione eius mollitia.
328,52,Módulo 5,5,Vitae laborum accusantium similique assumenda nobis.
329,52,Módulo 6,6,Tempore illum facilis omnis at velit.
330,52,Módulo 7,7,Doloremque necessitatibus magnam blanditiis optio neque quod.
331,52,Módulo 8,8,Dolorum sunt dolores commodi rem eveniet nesciunt harum quibusdam doloremque in corporis.
332,53,Módulo 1,1,Distinctio earum illum sint animi modi praesentium beatae.
333,53,Módulo 2,2,Incidunt placeat vitae sunt vel facilis quaerat reprehenderit accusantium vitae non sapiente.
334,53,Módulo 3,3,Porro ratione dolores mollitia est vero.
335,53,Módulo 4,4,Temporibus placeat modi dolores ipsam ab vero unde ullam error.
336,53,Módulo 5,5,Error similique cum ipsa et repellat officia ratione earum.
337,53,Módulo 6,6,Reprehenderit velit iusto impedit sapiente quaerat soluta.
338,53,Módulo 7,7,Repudiandae praesentium magni explicabo nobis repellendus qui.
339,53,Módulo 8,8,Possimus quis odit delectus ipsam odit a dicta esse nemo beatae.
340,54,Módulo 1,1,Maiores voluptas rerum quis sed placeat recusandae eum laboriosam.
341,54,Módulo 2,2,Ea porro repudiandae reiciendis dicta impedit delectus.
342,54,Módulo 3,3,Velit sunt dolore veniam unde officia occaecati tenetur voluptate dicta.
343,54,Módulo 4,4,Amet nulla nobis corrupti vero cumque necessitatibus accusamus.
344,54,Módulo 5,5,Ipsa ullam iste perferendis blanditiis quae deleniti similique quos enim laudantium consectetur.
345,54,Módulo 6,6,Nobis voluptatum eligendi perspiciatis in illum corporis enim.
346,54,Módulo 7,7,Doloremque iste dolorum nesciunt officia assumenda iusto sit voluptate.
347,54,Módulo 8,8,Porro quae provident quasi ducimus atque animi ex doloremque tenetur voluptatum.
348,55,Módulo 1,1,Quae repellat a magnam fugit voluptate perferendis consequatur tempora aliquam debitis cumque laudantium.
349,55,Módulo 2,2,Soluta consequatur et minus consequuntur blanditiis aliquid consectetur sit rerum.
350,55,Módulo 3,3,Unde eligendi soluta nostrum quis eaque est tempora et voluptatum.
351,55,Módulo 4,4,Nam ullam odio ipsam deleniti amet delectus.
352,55,Módulo 5,5,Ea provident ipsa voluptatum unde aliquam explicabo quae laborum laudantium sapiente sint.
353,55,Módulo 6,6,Expedita dignissimos eligendi rerum quibusdam reprehenderit natus.
354,55,Módulo 7,7,Distinctio voluptatum a quisquam debitis ullam doloribus libero atque eveniet eligendi voluptatem commodi.
355,55,Módulo 8,8,Nihil veritatis saepe corrupti aspernatur rerum optio iste veritatis nisi.
356,56,Módulo 1,1,Eveniet aliquam numquam iste veniam voluptatum.
357,56,Módulo 2,2,Consectetur sint reiciendis eligendi reiciendis quia molestias nobis at ducimus dolores quo id.
358,56,Módulo 3,3,Sequi cum quod eligendi quibusdam omnis.
359,56,Módulo 4,4,Error reiciendis quasi ullam temporibus nobis facere.
360,56,Módulo 5,5,Rerum maiores laudantium suscipit labore natus in.
361,56,Módulo 6,6,Repellat nostrum ipsa incidunt aliquam exercitationem iure dolore placeat culpa libero.
362,57,Módulo 1,1,Officia assumenda iusto aspernatur reiciendis error voluptates placeat error dolorum incidunt necessitatibus mollitia totam.
363,57,Módulo 2,2,Autem incidunt atque optio necessitatibus ducimus ducimus aspernatur magnam beatae optio debitis.
364,57,Módulo 3,3,Sapiente aliquid impedit provident et quam quidem ipsum.
365,57,Módulo 4,4,Exercitationem ullam repellat distinctio aspernatur voluptatem ea perferendis inventore.
366,57,Módulo 5,5,Ab blanditiis cupiditate labore porro sit.
367,57,Módulo 6,6,Quas esse repellat nulla porro vitae perferendis rem assumenda consequatur deleniti repellendus possimus.
368,57,Módulo 7,7,Similique distinctio officiis officiis ipsa numquam ratione deleniti.
369,58,Módulo 1,1,Quo corporis in blanditiis temporibus qui ipsum laborum accusantium.
370,58,Módulo 2,2,Nesciunt dicta necessitatibus rerum amet ab occaecati quae voluptatem sed qui.
371,58,Módulo 3,3,Quasi voluptatum alias id maiores quam vel temporibus sint doloremque aperiam accusantium nemo.
372,58,Módulo 4,4,Aperiam tempora impedit labore libero vel expedita possimus accusantium enim deleniti exercitationem doloremque.
373,58,Módulo 5,5,Nesciunt placeat ullam sequi quaerat iusto sunt quam.
374,58,Módulo 6,6,Vero rerum perferendis quasi recusandae reiciendis sapiente numquam eligendi quibusdam.
375,59,Módulo 1,1,Consectetur dicta non aut impedit voluptatibus esse distinctio aliquid accusantium sunt explicabo.
376,59,Módulo 2,2,Cupiditate similique magnam rem excepturi beatae dolorem natus.
377,59,Módulo 3,3,Ducimus excepturi explicabo aliquid soluta eaque corrupti porro maiores pariatur provident unde.
378,59,Módulo 4,4,Reiciendis vitae quidem voluptate quos non similique aut natus magni cumque.
379,59,Módulo 5,5,Sit tenetur culpa eos ipsam magni quasi.
380,59,Módulo 6,6,Culpa facilis reprehenderit commodi dicta voluptas quisquam.
381,59,Módulo 7,7,Doloribus repellat exercitationem magnam assumenda fuga.
382,60,Módulo 1,1,Facere pariatur corrupti quidem in dolorem reiciendis impedit illum itaque sequi.
383,60,Módulo 2,2,Velit ipsam quo quaerat maxime architecto excepturi illo quo ipsa.
384,60,Módulo 3,3,Quis optio odit temporibus animi occaecati quae optio maxime eos illo.
385,60,Módulo 4,4,Sit quam et exercitationem repudiandae tempore nostrum corporis illo officia suscipit numquam nulla.
386,60,Módulo 5,5,Possimus suscipit quos illo deserunt error alias ex quam qui commodi.
387,60,Módulo 6,6,Eligendi at mollitia maxime quidem cum adipisci recusandae nihil dolores quo quas.
388,60,Módulo 7,7,Beatae animi fuga occaecati explicabo aliquid officiis commodi error qui iste voluptatem.
389,61,Módulo 1,1,Natus tempora occaecati modi nisi expedita eligendi quos quaerat perferendis quaerat maxime dolorum.
390,61,Módulo 2,2,Maiores deserunt quod iste corporis incidunt illum at incidunt consectetur.
391,61,Módulo 3,3,Ipsum fuga minima nihil maxime hic ea libero.
392,61,Módulo 4,4,Voluptatum porro veniam quasi impedit cum magni laborum itaque voluptas maiores.
393,61,Módulo 5,5,Blanditiis distinctio labore quia velit fuga veritatis nobis illum blanditiis nemo aliquam.
394,61,Módulo 6,6,Blanditiis esse fugiat eos adipisci corporis quos.
395,61,Módulo 7,7,Aliquid tempora suscipit dolor reprehenderit laborum commodi expedita sit impedit nemo.
396,62,Módulo 1,1,Iste excepturi fugiat rerum rerum consequatur consequuntur odio quis pariatur corrupti quas at.
397,62,Módulo 2,2,Optio illum doloremque hic molestiae vero suscipit quasi officia sint provident nemo recusandae.
398,62,Módulo 3,3,Natus commodi nam deserunt nulla nemo amet necessitatibus deleniti.
399,62,Módulo 4,4,Magnam accusantium omnis minus vitae eius dignissimos rerum saepe neque assumenda modi.
400,62,Módulo 5,5,Illo aliquid similique ad ipsa impedit similique et ducimus beatae.
401,62,Módulo 6,6,Molestiae eligendi delectus quisquam culpa veritatis perspiciatis.
402,62,Módulo 7,7,Nostrum eveniet ad animi harum eum.
403,62,Módulo 8,8,Tempora ducimus velit tempore amet dolores nisi dolores magni magnam veniam.
404,63,Módulo 1,1,Aperiam iure illum laborum illum doloremque suscipit eaque vitae.
405,63,Módulo 2,2,Doloribus mollitia quos esse illum assumenda odio.
406,63,Módulo 3,3,Quos consequuntur molestiae cumque doloribus veritatis vero nam.
407,63,Módulo 4,4,A iure repudiandae enim voluptas a.
408,63,Módulo 5,5,Earum dolorum perspiciatis voluptatum sapiente distinctio sapiente eligendi cum modi architecto at.
409,63,Módulo 6,6,Rerum quam voluptatum soluta distinctio magnam reiciendis.
410,64,Módulo 1,1,Odio voluptatem provident earum optio eum distinctio vero eveniet totam.
411,64,Módulo 2,2,Officia a labore temporibus perferendis impedit tempora.
412,64,Módulo 3,3,Quis modi ratione officiis aspernatur adipisci rerum perferendis perferendis explicabo repellat repudiandae.
413,64,Módulo 4,4,Harum saepe repellat voluptates commodi fuga deserunt ab quia quis.
414,64,Módulo 5,5,Deleniti repellendus numquam repellat dolore voluptatem voluptas alias laudantium provident.
415,64,Módulo 6,6,Distinctio deserunt reprehenderit id sit necessitatibus laudantium mollitia optio natus placeat natus aperiam.
416,64,Módulo 7,7,Quia consectetur ut sequi sunt quas earum.
417,65,Módulo 1,1,Voluptatibus possimus minus ducimus nam iste.
418,65,Módulo 2,2,Odit velit amet vel inventore voluptatum earum perspiciatis iure facere quis.
419,65,Módulo 3,3,Aliquid ullam minus et hic ex sunt rem.
420,65,Módulo 4,4,Voluptatem incidunt asperiores dolorum cum est numquam atque.
421,65,Módulo 5,5,Inventore ad reiciendis vel saepe doloribus labore vero rerum reprehenderit maxime dolores.
422,66,Módulo 1,1,Quod nulla quisquam numquam neque assumenda.
423,66,Módulo 2,2,Totam fugiat suscipit possimus quos aperiam.
424,66,Módulo 3,3,Amet nostrum inventore aut animi amet sed illo nulla illum sint.
425,66,Módulo 4,4,Ab fugit recusandae sunt nulla excepturi vel quos iste eveniet deserunt aut nisi.
426,66,Módulo 5,5,Nihil sapiente temporibus commodi magni explicabo.
427,66,Módulo 6,6,Quam ipsam doloribus reiciendis aperiam est ipsa vero quidem est suscipit quod.
428,66,Módulo 7,7,Iusto nobis enim voluptas maxime omnis corporis.
429,67,Módulo 1,1,Magni saepe similique in deserunt dicta tenetur quos exercitationem.
430,67,Módulo 2,2,Possimus voluptatem nobis ex neque vitae nulla in cum iste ratione aliquam.
431,67,Módulo 3,3,Ullam odit possimus iure distinctio laboriosam quisquam repellendus.
432,67,Módulo 4,4,Dignissimos delectus voluptatibus facilis asperiores adipisci beatae enim deserunt nesciunt.
433,67,Módulo 5,5,Aliquam adipisci dicta cupiditate suscipit quaerat excepturi mollitia debitis accusantium.
434,67,Módulo 6,6,Tenetur accusantium perspiciatis fugiat ratione beatae vel esse dolores.
435,68,Módulo 1,1,Optio velit voluptate voluptatum sunt soluta aperiam corporis unde recusandae.
436,68,Módulo 2,2,Minus possimus et inventore odio ullam quis nesciunt.
437,68,Módulo 3,3,Eos corrupti doloribus occaecati eius consectetur magni nesciunt laborum quas quos ratione.
438,68,Módulo 4,4,Aperiam magni quibusdam officia magni libero iure eum fugiat possimus quaerat libero eaque.
439,68,Módulo 5,5,Odit ratione officiis dignissimos tempora iste doloremque dolor incidunt fugiat culpa.
440,68,Módulo 6,6,Ducimus assumenda quibusdam eos maxime dolorem aliquam maiores excepturi iste.
441,68,Módulo 7,7,Illum rem et fugit debitis doloremque officia facere assumenda sapiente maiores.
442,68,Módulo 8,8,Ratione unde atque architecto alias dicta deserunt.
443,69,Módulo 1,1,Dolorum quia quisquam sapiente deleniti nobis consequuntur sequi quaerat molestiae.
444,69,Módulo 2,2,Ab error reprehenderit quos illo illo neque omnis iusto.
445,69,Módulo 3,3,Voluptatibus veritatis sint dolorem quam distinctio doloremque nesciunt mollitia iusto repellendus exercitationem.
446,69,Módulo 4,4,Est deleniti quo praesentium distinctio ipsum nam.
447,69,Módulo 5,5,Consequuntur soluta esse qui libero omnis explicabo dolorem incidunt quibusdam.
448,70,Módulo 1,1,Error nesciunt necessitatibus adipisci consequuntur voluptate voluptatibus necessitatibus reiciendis totam nemo hic.
449,70,Módulo 2,2,Dignissimos hic modi deleniti autem necessitatibus iste tempora at aut.
450,70,Módulo 3,3,Debitis repudiandae nobis ad dicta tenetur harum dignissimos enim minima iste fuga accusamus.
451,70,Módulo 4,4,Similique illum culpa beatae modi laboriosam architecto veritatis sint consectetur.
452,70,Módulo 5,5,Est repellendus optio culpa nemo est dicta quaerat.
453,70,Módulo 6,6,Eius ab consequuntur aperiam id rem minima tenetur sunt itaque nemo.
454,70,Módulo 7,7,Enim sunt itaque praesentium quae error nostrum.
455,71,Módulo 1,1,Impedit debitis nulla inventore harum omnis praesentium atque.
456,71,Módulo 2,2,Dolores sit earum occaecati eos totam.
457,71,Módulo 3,3,Tenetur illum quis commodi fuga quidem magnam quod.
458,71,Módulo 4,4,Iste ducimus magni iure asperiores possimus quibusdam fugit quia sequi id.
459,71,Módulo 5,5,Dolorum quae consequatur pariatur iure itaque.
460,71,Módulo 6,6,Molestias doloribus veniam consequuntur reprehenderit sapiente cupiditate.
461,71,Módulo 7,7,Non debitis commodi qui cumque perferendis.
462,71,Módulo 8,8,Perspiciatis corrupti facere dolor alias perferendis.
463,72,Módulo 1,1,Ipsam aliquid odio minima optio optio aut porro.
464,72,Módulo 2,2,Amet a quo quisquam ut fugiat dolores at in voluptatibus excepturi.
465,72,Módulo 3,3,Perspiciatis aperiam vero atque saepe optio quam aliquid.
466,72,Módulo 4,4,Autem eveniet natus deleniti dignissimos molestiae vel blanditiis distinctio explicabo cupiditate illo.
467,72,Módulo 5,5,Accusamus distinctio dolore omnis eius numquam aliquam suscipit illum quisquam.
468,72,Módulo 6,6,Voluptatem aut modi voluptatibus sed cupiditate vero nobis voluptatem possimus perspiciatis voluptas.
469,73,Módulo 1,1,Ex odio sunt et sed laboriosam ex.
470,73,Módulo 2,2,Totam ipsum maiores quia magnam provident accusamus accusantium quis commodi dolores incidunt doloribus.
471,73,Módulo 3,3,Animi fugiat eos corrupti dignissimos alias unde.
472,73,Módulo 4,4,Voluptates ipsam soluta consequatur et ratione aliquam recusandae impedit repellat quibusdam dolorem quasi.
473,73,Módulo 5,5,Doloribus molestiae tenetur pariatur dolorum porro quaerat non fugit eum.
474,73,Módulo 6,6,Occaecati aperiam laudantium veritatis amet voluptatibus vel commodi cupiditate molestias recusandae.
475,74,Módulo 1,1,Dolores aspernatur quam est quam doloribus debitis dolorum.
476,74,Módulo 2,2,Nemo voluptas dicta similique laboriosam veritatis facere fugiat iusto.
477,74,Módulo 3,3,Magnam quasi quis reprehenderit recusandae accusantium fugit sequi quis ullam nisi.
478,74,Módulo 4,4,Mollitia cupiditate fugit esse eligendi natus laboriosam.
479,74,Módulo 5,5,Consequatur iusto culpa deleniti accusamus magnam quas laudantium unde velit.
480,75,Módulo 1,1,Fugit est voluptates architecto suscipit voluptatibus commodi ut cum quis.
481,75,Módulo 2,2,Quo quibusdam expedita quae odio fuga animi harum incidunt.
482,75,Módulo 3,3,Doloribus alias repellat occaecati perspiciatis possimus officia ea iste.
483,75,Módulo 4,4,Ducimus nobis veritatis sapiente accusamus quo officia.
484,75,Módulo 5,5,Id nesciunt tempore maxime deleniti in rerum ducimus esse voluptas.
485,76,Módulo 1,1,Nesciunt quasi quibusdam unde sit autem nemo reiciendis repellendus eaque.
486,76,Módulo 2,2,Ut id est voluptates repellendus a architecto possimus.
487,76,Módulo 3,3,Impedit enim inventore debitis delectus consequatur laborum magnam beatae necessitatibus distinctio dicta.
488,76,Módulo 4,4,Repellat deleniti voluptatem sit ipsam totam autem odio.
489,76,Módulo 5,5,Eos fugiat eius exercitationem nesciunt labore perferendis.
490,76,Módulo 6,6,Ab eaque veritatis pariatur ratione aliquam distinctio.
491,76,Módulo 7,7,Fugiat maxime vitae eaque laborum quidem.
492,77,Módulo 1,1,Inventore fuga tempora voluptatum repellendus velit pariatur fugiat animi explicabo ex aut itaque.
493,77,Módulo 2,2,Quam suscipit consequuntur nobis sit eius praesentium repellendus fuga nulla omnis.
494,77,Módulo 3,3,Maiores optio a odit velit eum odio sit voluptas quasi perspiciatis doloremque.
495,77,Módulo 4,4,Id nostrum aspernatur incidunt ut ut voluptates sequi temporibus quasi eos deserunt.
496,77,Módulo 5,5,Sit soluta quos quaerat adipisci libero assumenda.
497,77,Módulo 6,6,Voluptates iure tempore veritatis laboriosam molestiae doloribus cupiditate velit praesentium autem voluptatibus adipisci.
498,77,Módulo 7,7,Temporibus quisquam dolore ducimus labore tempore commodi consequatur modi quas.
499,77,Módulo 8,8,Recusandae ex dolore nemo unde aperiam exercitationem.
500,78,Módulo 1,1,Omnis quos vitae ipsa doloremque ea enim beatae excepturi nihil.
501,78,Módulo 2,2,Quia blanditiis facilis sequi veritatis nemo a aperiam.
502,78,Módulo 3,3,Deleniti harum incidunt quo reiciendis ut commodi optio nihil autem ab sequi.
503,78,Módulo 4,4,Corporis velit saepe libero iste nobis corporis pariatur reiciendis praesentium.
504,78,Módulo 5,5,Eum magnam porro earum sed nemo occaecati dolor eos vitae animi repellat corrupti.
505,78,Módulo 6,6,Sed vel dolore quasi unde quod sequi quas.
506,78,Módulo 7,7,Voluptates omnis sed voluptatibus molestias excepturi perspiciatis voluptatibus quidem.
507,78,Módulo 8,8,Asperiores quas eligendi ullam praesentium molestias atque eum recusandae sint amet.
508,79,Módulo 1,1,Itaque cum consequuntur possimus enim corporis dolor quibusdam quasi.
509,79,Módulo 2,2,Facere sequi aut quos similique fugiat.
510,79,Módulo 3,3,Perspiciatis cumque animi explicabo labore veniam blanditiis maiores excepturi inventore corrupti.
511,79,Módulo 4,4,Doloribus blanditiis id esse nisi cupiditate quia quod voluptatibus perferendis at.
512,79,Módulo 5,5,Sint officiis eius officiis facilis blanditiis assumenda laudantium pariatur magni ad.
513,79,Módulo 6,6,Voluptates laboriosam possimus atque nihil fugit voluptatum praesentium error commodi eveniet quae similique.
514,80,Módulo 1,1,Delectus repellat accusantium nam modi repellat laborum maxime nesciunt quae ratione commodi.
515,80,Módulo 2,2,Vitae tempore debitis nobis debitis mollitia reiciendis commodi.
516,80,Módulo 3,3,Nemo officiis assumenda ducimus quidem assumenda commodi.
517,80,Módulo 4,4,Facilis molestias in veniam a error veniam maxime quos.
518,80,Módulo 5,5,Ipsam neque possimus minima voluptates explicabo modi distinctio aut reprehenderit dolores deleniti.
519,80,Módulo 6,6,Sequi dolor consequatur mollitia nihil eius quas in mollitia.
